,0
0,TGCTACCCAGGGCATA-1-3
1,AAACCTGGTAAGTGGC-1-3
2,AAACGGGAGTAGCGGT-1-3
3,AAACGGGCAAAGAATC-1-3
4,AAACGGGTCAAACAAG-1-3
5,AAACGGGTCCGCGCAA-1-3
6,AAAGATGAGTACACCT-1-3
7,AAAGATGAGTCATGCT-1-3
8,AAAGATGCAATGTTGC-1-3
9,AAAGATGTCGGCTTGG-1-3
10,AAAGCAAGTTTGCATG-1-3
11,AAATGCCCAATGGAAT-1-3
12,AAATGCCCACATCTTT-1-3
13,AAATGCCCACCAACCG-1-3
14,AAATGCCCATGCTAGT-1-3
15,AACACGTAGTAATCCC-1-3
16,AACCATGGTGGGTATG-1-3
17,AACCATGGTTGAACTC-1-3
18,AACCGCGCAGCCACCA-1-3
19,AACGTTGGTCTTGCGG-1-3
20,AACGTTGTCTGGTTCC-1-3
21,AACTCAGCATTCCTCG-1-3
22,AACTCAGGTCTTGTCC-1-3
23,AACTCAGGTGCCTGTG-1-3
24,AACTCAGTCCGTCAAA-1-3
25,AACTCAGTCCTCGCAT-1-3
26,AACTCCCAGTACGACG-1-3
27,AACTCCCGTCCGAAGA-1-3
28,AACTCTTAGCTAACAA-1-3
29,AACTGGTCAGTATCTG-1-3
30,AACTGGTGTACCGTTA-1-3
31,AACTGGTTCCTACAGA-1-3
32,AACTGGTTCGTCCAGG-1-3
33,AACTTTCAGGCATTGG-1-3
34,AACTTTCCACAGTCGC-1-3
35,AAGACCTCAATGGTCT-1-3
36,AAGACCTGTGGCTCCA-1-3
37,AAGACCTGTGTTGAGG-1-3
38,AAGCCGCCAATGGACG-1-3
39,AAGCCGCGTTATCCGA-1-3
40,AAGGAGCAGTACATGA-1-3
41,AAGGAGCGTTCGTCTC-1-3
42,AAGGTTCAGCGATTCT-1-3
43,AAGGTTCGTCAACTGT-1-3
44,AAGTCTGAGTACGATA-1-3
45,AAGTCTGAGTGAACGC-1-3
46,AAGTCTGGTGGACGAT-1-3
47,AATCGGTAGGCATGTG-1-3
48,AATCGGTGTAGATTAG-1-3
49,AATCGGTTCCAAACTG-1-3
50,AATCGGTTCTTCGGTC-1-3
51,ACACCCTAGGTGCTAG-1-3
52,ACACCCTAGTTGTAGA-1-3
53,ACACCCTCACGTTGGC-1-3
54,ACACCCTGTCAGATAA-1-3
55,ACACCGGAGAAACCAT-1-3
56,ACACTGAGTACGACCC-1-3
57,ACAGCCGAGAGAACAG-1-3
58,ACAGCCGAGCCAACAG-1-3
59,ACAGCTATCGAGCCCA-1-3
60,ACATACGAGTAGGCCA-1-3
61,ACATACGGTAAACACA-1-3
62,ACATACGGTCAATACC-1-3
63,ACATCAGAGAGACTTA-1-3
64,ACATCAGTCCTTGGTC-1-3
65,ACATGGTGTCATGCAT-1-3
66,ACCAGTAGTTGGACCC-1-3
67,ACCAGTATCGTTTAGG-1-3
68,ACCTTTAGTAGCACGA-1-3
69,ACCTTTATCCTGCAGG-1-3
70,ACGAGCCCATGCAATC-1-3
71,ACGAGGAAGTTACCCA-1-3
72,ACGAGGACATGGTTGT-1-3
73,ACGATACTCATTCACT-1-3
74,ACGATACTCGCGCCAA-1-3
75,ACGATGTGTCACTTCC-1-3
76,ACGATGTGTCGCGGTT-1-3
77,ACGCAGCCAATCCGAT-1-3
78,ACGCAGCCATTCTCAT-1-3
79,ACGCAGCGTCAACTGT-1-3
80,ACGCAGCGTGGCTCCA-1-3
81,ACGCAGCGTTCATGGT-1-3
82,ACGCCAGAGTGGACGT-1-3
83,ACGCCAGCACCATCCT-1-3
84,ACGCCAGGTTACAGAA-1-3
85,ACGGCCAGTTTAAGCC-1-3
86,ACGTCAAAGTGTCTCA-1-3
87,ACGTCAAGTACAGTTC-1-3
88,ACTATCTGTCAGGACA-1-3
89,ACTATCTTCTGCTGTC-1-3
90,ACTGAACAGCGTAATA-1-3
91,ACTGAACCACGTTGGC-1-3
92,ACTGAACCATTCACTT-1-3
93,ACTGAACTCTAGCACA-1-3
94,ACTGATGAGATCTGAA-1-3
95,ACTGATGTCCCTAACC-1-3
96,ACTGTCCCAGCTGTGC-1-3
97,ACTGTCCGTATATGGA-1-3
98,ACTGTCCTCGCTAGCG-1-3
99,ACTTACTAGAGGGCTT-1-3
100,ACTTACTGTTTGGGCC-1-3
101,ACTTACTTCCAATGGT-1-3
102,ACTTGTTAGTTAAGTG-1-3
103,ACTTGTTTCACCCGAG-1-3
104,ACTTGTTTCATATCGG-1-3
105,ACTTGTTTCCATGAGT-1-3
106,ACTTTCAAGGTGATTA-1-3
107,ACTTTCATCAGAGCTT-1-3
108,AGAATAGCAATCACAC-1-3
109,AGAATAGCACGCTTTC-1-3
110,AGAATAGGTAGTACCT-1-3
111,AGAATAGGTCTCTCTG-1-3
112,AGACGTTAGAGTAAGG-1-3
113,AGACGTTAGCCGATTT-1-3
114,AGACGTTCAATGGTCT-1-3
115,AGACGTTTCGAGCCCA-1-3
116,AGAGCGACAGTAAGAT-1-3
117,AGAGCTTAGGTTACCT-1-3
118,AGAGCTTCATTCGACA-1-3
119,AGAGTGGAGGCGATAC-1-3
120,AGAGTGGCACCTCGGA-1-3
121,AGAGTGGGTTCTGTTT-1-3
122,AGAGTGGTCATTGCCC-1-3
123,AGATCTGCACCAGGTC-1-3
124,AGATCTGGTTCGGCAC-1-3
125,AGATTGCAGTTCCACA-1-3
126,AGCAGCCGTCAACATC-1-3
127,AGCAGCCTCTTCTGGC-1-3
128,AGCATACCACAGCCCA-1-3
129,AGCATACGTCCGCTGA-1-3
130,AGCATACGTCGCGAAA-1-3
131,AGCGGTCGTACCGAGA-1-3
132,AGCGTATAGAATGTTG-1-3
133,AGCGTATCATCTCCCA-1-3
134,AGCGTATTCGTCTGCT-1-3
135,AGCGTATTCTCGTATT-1-3
136,AGCGTCGCACAGGCCT-1-3
137,AGCGTCGCACGCCAGT-1-3
138,AGCTCCTCAAGAAGAG-1-3
139,AGCTCCTCAGTTTACG-1-3
140,AGCTCCTTCAATACCG-1-3
141,AGCTCCTTCGCCCTTA-1-3
142,AGCTCTCGTTCAGTAC-1-3
143,AGCTCTCTCCTGCTTG-1-3
144,AGCTTGAGTGCAGTAG-1-3
145,AGCTTGATCTTGCCGT-1-3
146,AGGCCACCACCACGTG-1-3
147,AGGCCACCACGAAGCA-1-3
148,AGGGAGTAGAGGTAGA-1-3
149,AGGGAGTCATGGTAGG-1-3
150,AGGGAGTGTAATAGCA-1-3
151,AGGGAGTGTCTTCTCG-1-3
152,AGGGATGGTTAGGGTG-1-3
153,AGGGATGTCGCATGAT-1-3
154,AGGGTGACAGCGTTCG-1-3
155,AGGTCATCACTTCTGC-1-3
156,AGGTCATGTCCAGTAT-1-3
157,AGGTCATGTTTAGGAA-1-3
158,AGGTCCGAGTTACCCA-1-3
159,AGGTCCGCAATTCCTT-1-3
160,AGGTCCGTCCCACTTG-1-3
161,AGTAGTCAGCGTTCCG-1-3
162,AGTAGTCGTAGTGAAT-1-3
163,AGTCTTTCACGGACAA-1-3
164,AGTCTTTGTCTCGTTC-1-3
165,AGTCTTTGTTACGGAG-1-3
166,AGTCTTTGTTCGAATC-1-3
167,AGTCTTTTCGTACGGC-1-3
168,AGTGAGGGTGGCGAAT-1-3
169,AGTGAGGTCTCCAACC-1-3
170,AGTGGGAAGTACCGGA-1-3
171,AGTGGGACAGTATCTG-1-3
172,AGTGTCAAGTACCGGA-1-3
173,AGTGTCACACCAGGTC-1-3
174,AGTGTCACATAGTAAG-1-3
175,AGTGTCATCGCCGTGA-1-3
176,AGTTGGTCAAACAACA-1-3
177,AGTTGGTTCACATAGC-1-3
178,ATAACGCCAAGGTTCT-1-3
179,ATAACGCCACACTGCG-1-3
180,ATAACGCTCGCCAAAT-1-3
181,ATAGACCAGTGATCGG-1-3
182,ATCACGATCACGGTTA-1-3
183,ATCACGATCAGGATCT-1-3
184,ATCATCTGTAGGACAC-1-3
185,ATCATGGCAATAGCAA-1-3
186,ATCCGAAGTACACCGC-1-3
187,ATCCGAATCAACTCTT-1-3
188,ATCGAGTCAAGCGAGT-1-3
189,ATCTACTCAGGGAGAG-1-3
190,ATCTACTTCACCTTAT-1-3
191,ATCTGCCCAATCCGAT-1-3
192,ATCTGCCCACGTCTCT-1-3
193,ATCTGCCGTATTAGCC-1-3
194,ATCTGCCTCCCTGACT-1-3
195,ATGAGGGCAAGGTTTC-1-3
196,ATGCGATAGAAACGAG-1-3
197,ATGCGATTCGTTACGA-1-3
198,ATGGGAGCAGCCTTGG-1-3
199,ATGTGTGCACAAGTAA-1-3
200,ATGTGTGTCAACCATG-1-3
201,ATTACTCAGATGGGTC-1-3
202,ATTATCCAGAAACCTA-1-3
203,ATTATCCAGAGATGAG-1-3
204,ATTATCCAGGACATTA-1-3
205,ATTATCCCAACTGCTA-1-3
206,ATTATCCTCCTTTACA-1-3
207,ATTCTACCACGGTAAG-1-3
208,ATTCTACTCTAGCACA-1-3
209,ATTGGACAGGCCCGTT-1-3
210,ATTGGACGTTACGACT-1-3
211,ATTTCTGAGAAGATTC-1-3
212,ATTTCTGTCCGGGTGT-1-3
213,CAACCTCCATTACCTT-1-3
214,CAACTAGAGCAGGTCA-1-3
215,CAACTAGCAAAGTGCG-1-3
216,CAAGATCGTACCCAAT-1-3
217,CAAGGCCCAAGAAAGG-1-3
218,CAAGGCCTCAGTGCAT-1-3
219,CAAGTTGAGTACGATA-1-3
220,CAAGTTGCAAGACGTG-1-3
221,CAAGTTGTCTAACTGG-1-3
222,CACAAACAGTAGCGGT-1-3
223,CACACCTCATTGTGCA-1-3
224,CACACCTGTCATGCAT-1-3
225,CACAGGCCAAGGCTCC-1-3
226,CACAGGCCACGTCAGC-1-3
227,CACATAGAGGGAAACA-1-3
228,CACATAGTCATTGCGA-1-3
229,CACATTTCAATCCGAT-1-3
230,CACATTTGTATAGTAG-1-3
231,CACCACTGTACAGTGG-1-3
232,CACCAGGAGCGGCTTC-1-3
233,CACCAGGTCTCCGGTT-1-3
234,CACCTTGAGTCCTCCT-1-3
235,CACCTTGTCGTGGTCG-1-3
236,CACTCCATCCACGCAG-1-3
237,CAGAATCAGTTGTAGA-1-3
238,CAGAATCCATCCCACT-1-3
239,CAGAATCGTCATTAGC-1-3
240,CAGAGAGAGGACCACA-1-3
241,CAGAGAGGTACCGTTA-1-3
242,CAGAGAGGTGTGAATA-1-3
243,CAGATCAAGAATGTGT-1-3
244,CAGCAGCGTACAGCAG-1-3
245,CAGCATAAGACGACGT-1-3
246,CAGCATACACGAGGTA-1-3
247,CAGCCGAGTGGTCCGT-1-3
248,CAGCGACAGGCACATG-1-3
249,CAGCGACCATATGGTC-1-3
250,CAGCGACTCATGCAAC-1-3
251,CAGCGACTCCGCGCAA-1-3
252,CAGCTAACATGCCTAA-1-3
253,CAGCTAAGTACGCACC-1-3
254,CAGCTGGCAAGTTGTC-1-3
255,CAGCTGGGTTCTCATT-1-3
256,CAGGTGCAGCTTCGCG-1-3
257,CAGGTGCCATCAGTCA-1-3
258,CAGGTGCGTACAAGTA-1-3
259,CAGTAACAGCCACCTG-1-3
260,CAGTAACCAGGTCGTC-1-3
261,CAGTAACCATACGCTA-1-3
262,CAGTAACGTCTGATCA-1-3
263,CAGTCCTCAGGGCATA-1-3
264,CAGTCCTGTCGTGGCT-1-3
265,CATATGGCATGCTAGT-1-3
266,CATATGGTCACAGTAC-1-3
267,CATATTCGTTTGTGTG-1-3
268,CATATTCTCAATCACG-1-3
269,CATCAAGAGGTAGCTG-1-3
270,CATCAAGGTGGTCTCG-1-3
271,CATCAAGGTTCGGCAC-1-3
272,CATCAGAAGAGGTTGC-1-3
273,CATCAGATCATCGCTC-1-3
274,CATCCACCAAGAGGCT-1-3
275,CATCCACCAGATGGGT-1-3
276,CATCCACGTACCAGTT-1-3
277,CATCCACGTGAAGGCT-1-3
278,CATCCACGTTACGACT-1-3
279,CATCGAAGTACGAAAT-1-3
280,CATCGAAGTCACACGC-1-3
281,CATCGAATCGCCAGCA-1-3
282,CATCGGGCACGTTGGC-1-3
283,CATCGGGTCTTCGGTC-1-3
284,CATGACACAAGAAGAG-1-3
285,CATGACACACATGACT-1-3
286,CATGACAGTTAAAGTG-1-3
287,CATGCCTAGTGGTAGC-1-3
288,CATGCCTCACTTGGAT-1-3
289,CATGCCTGTTCGTCTC-1-3
290,CATGGCGGTAGCACGA-1-3
291,CATGGCGTCGACCAGC-1-3
292,CATTCGCGTGCAGACA-1-3
293,CATTCGCTCGCCTGAG-1-3
294,CCAATCCAGAGACTTA-1-3
295,CCAATCCAGTCTTGCA-1-3
296,CCACCTACAGCTCGAC-1-3
297,CCACCTATCGGAAACG-1-3
298,CCACCTATCTAAGCCA-1-3
299,CCACGGAGTGACTCAT-1-3
300,CCACTACAGGTGGGTT-1-3
301,CCACTACAGTGTTTGC-1-3
302,CCACTACTCAGCTCGG-1-3
303,CCAGCGACAGACGTAG-1-3
304,CCAGCGACAGGCTGAA-1-3
305,CCAGCGAGTTGCGTTA-1-3
306,CCAGCGATCTTACCTA-1-3
307,CCATGTCGTCGCGTGT-1-3
308,CCATGTCGTCGGCTCA-1-3
309,CCATGTCTCTCACATT-1-3
310,CCATTCGCAGGCAGTA-1-3
311,CCCAGTTGTCGTGGCT-1-3
312,CCCAGTTGTGCGCTTG-1-3
313,CCCATACAGACTTTCG-1-3
314,CCCATACTCGTGGACC-1-3
315,CCCTCCTAGACCCACC-1-3
316,CCGGGATGTGTCAATC-1-3
317,CCGGGATTCGACAGCC-1-3
318,CCGGTAGCACCGCTAG-1-3
319,CCGGTAGTCAGGATCT-1-3
320,CCGTACTCAGCCTTGG-1-3
321,CCGTACTGTCAGAAGC-1-3
322,CCGTACTGTGCAACTT-1-3
323,CCGTACTTCTAACCGA-1-3
324,CCGTGGACATAGAAAC-1-3
325,CCGTTCAAGCTAAACA-1-3
326,CCGTTCAAGGACCACA-1-3
327,CCGTTCACACATGACT-1-3
328,CCTAAAGCATAGGATA-1-3
329,CCTACACAGATCCGAG-1-3
330,CCTACACAGTACGTTC-1-3
331,CCTACACGTTCTCATT-1-3
332,CCTACCACACGTAAGG-1-3
333,CCTACCATCTGCCCTA-1-3
334,CCTAGCTAGACAAAGG-1-3
335,CCTAGCTCAGGTGCCT-1-3
336,CCTAGCTGTGGCCCTA-1-3
337,CCTATTACAGACAAGC-1-3
338,CCTCAGTCAGACACTT-1-3
339,CCTCAGTGTTACCAGT-1-3
340,CCTCAGTTCGCCATAA-1-3
341,CCTCAGTTCTCACATT-1-3
342,CCTCTGACATCGGTTA-1-3
343,CCTTACGCAATGAAAC-1-3
344,CCTTTCTAGCCATCGC-1-3
345,CGAACATAGATCTGAA-1-3
346,CGAACATCAAGCGAGT-1-3
347,CGAACATCAGCTGCAC-1-3
348,CGAACATGTCTTGCGG-1-3
349,CGAATGTTCACCGGGT-1-3
350,CGACCTTAGGCTAGAC-1-3
351,CGACCTTAGTTAACGA-1-3
352,CGACTTCGTCTGCCAG-1-3
353,CGACTTCGTGTGGTTT-1-3
354,CGAGAAGTCGTTACAG-1-3
355,CGAGCACGTGATAAGT-1-3
356,CGAGCACTCTTCGAGA-1-3
357,CGATCGGTCTTGCCGT-1-3
358,CGATGGCGTCGCATAT-1-3
359,CGATGGCTCAACACAC-1-3
360,CGATGGCTCAGTGTTG-1-3
361,CGATTGACAGGCTGAA-1-3
362,CGCGGTAAGAGCTGGT-1-3
363,CGCGGTAAGCTGCAAG-1-3
364,CGCGGTAAGGTGCAAC-1-3
365,CGCGTTTGTATTACCG-1-3
366,CGCGTTTGTGAGTGAC-1-3
367,CGCTATCAGGTGATAT-1-3
368,CGCTGGATCGATGAGG-1-3
369,CGCTTCACAGACGCTC-1-3
370,CGCTTCACAGATCGGA-1-3
371,CGGACGTAGACACGAC-1-3
372,CGGACTGAGTTAGCGG-1-3
373,CGGACTGCAGCCAATT-1-3
374,CGGACTGTCACTCCTG-1-3
375,CGGACTGTCGGACAAG-1-3
376,CGGACTGTCTTGAGAC-1-3
377,CGGAGCTGTACATCCA-1-3
378,CGGAGTCAGTTTAGGA-1-3
379,CGGAGTCCAGCTCCGA-1-3
380,CGGAGTCTCCTCCTAG-1-3
381,CGGCTAGGTACTCGCG-1-3
382,CGGCTAGGTGAAATCA-1-3
383,CGGTTAAAGAATTCCC-1-3
384,CGGTTAAAGACAAGCC-1-3
385,CGGTTAAAGTAGCGGT-1-3
386,CGGTTAAGTCTAGCCG-1-3
387,CGGTTAATCACCGGGT-1-3
388,CGGTTAATCGAACGGA-1-3
389,CGTAGCGAGATATGGT-1-3
390,CGTAGCGTCGGAAATA-1-3
391,CGTAGGCCAGTACACT-1-3
392,CGTCACTCACGAAATA-1-3
393,CGTCACTCAGTATAAG-1-3
394,CGTCACTTCTAACTCT-1-3
395,CGTCAGGTCCGCAAGC-1-3
396,CGTCCATGTCACACGC-1-3
397,CGTCCATGTCTAACGT-1-3
398,CGTCTACAGAGCTATA-1-3
399,CGTCTACGTGTGCCTG-1-3
400,CGTCTACGTTTCCACC-1-3
401,CGTCTACTCAGTCCCT-1-3
402,CGTCTACTCTCGATGA-1-3
403,CGTGTAAAGTACGTTC-1-3
404,CGTGTAACATGGTCTA-1-3
405,CGTGTAAGTTAAGATG-1-3
406,CGTGTAATCATTATCC-1-3
407,CGTGTCTGTGACGCCT-1-3
408,CGTTAGATCAGTCAGT-1-3
409,CGTTCTGAGAGCAATT-1-3
410,CGTTCTGGTAGGACAC-1-3
411,CGTTGGGCAGGCGATA-1-3
412,CGTTGGGCATACCATG-1-3
413,CGTTGGGTCGTACCGG-1-3
414,CTAACTTAGATCACGG-1-3
415,CTAACTTGTCGTCTTC-1-3
416,CTAAGACAGACAAAGG-1-3
417,CTAAGACAGGCGCTCT-1-3
418,CTAAGACTCACTCCTG-1-3
419,CTAAGACTCTGCGGCA-1-3
420,CTAATGGAGCCGGTAA-1-3
421,CTAATGGCATGGTTGT-1-3
422,CTACACCCATCAGTCA-1-3
423,CTACATTAGCACAGGT-1-3
424,CTACGTCAGCACACAG-1-3
425,CTACGTCAGCTAGCCC-1-3
426,CTACGTCAGCTAGGCA-1-3
427,CTACGTCAGTCTCGGC-1-3
428,CTAGAGTAGACTGGGT-1-3
429,CTAGAGTGTCCGAACC-1-3
430,CTAGCCTAGGAATGGA-1-3
431,CTAGTGAGTTTGGCGC-1-3
432,CTCACACAGAGTACAT-1-3
433,CTCACACAGGGATGGG-1-3
434,CTCAGAAGTACAGTTC-1-3
435,CTCAGAATCTTGAGAC-1-3
436,CTCATTAAGAGCTGCA-1-3
437,CTCATTACAAGGCTCC-1-3
438,CTCATTACACGAGGTA-1-3
439,CTCCTAGAGCGTCTAT-1-3
440,CTCCTAGAGTAGATGT-1-3
441,CTCCTAGCACAACGTT-1-3
442,CTCCTAGGTGGTTTCA-1-3
443,CTCCTAGTCAATACCG-1-3
444,CTCGAAAGTAAGAGGA-1-3
445,CTCGAGGAGTGGAGAA-1-3
446,CTCGAGGCAAGTCTGT-1-3
447,CTCGAGGGTAAGTAGT-1-3
448,CTCGAGGTCCCTTGCA-1-3
449,CTCGAGGTCTGTTGAG-1-3
450,CTCGGAGGTCATTAGC-1-3
451,CTCGGAGTCATCGCTC-1-3
452,CTCGTACCAGCCAGAA-1-3
453,CTCGTACTCTGCGTAA-1-3
454,CTCGTCAAGAACAATC-1-3
455,CTCGTCACAGCTGCTG-1-3
456,CTCTAATAGCGTTGCC-1-3
457,CTCTAATTCACCATAG-1-3
458,CTCTAATTCAGCGACC-1-3
459,CTCTACGCACTAAGTC-1-3
460,CTGAAACAGGAGTAGA-1-3
461,CTGAAACAGTATCGAA-1-3
462,CTGAAACGTAAAGGAG-1-3
463,CTGAAACGTATGGTTC-1-3
464,CTGAAACTCAAACCAC-1-3
465,CTGAAGTCAATGTAAG-1-3
466,CTGAAGTTCTACCAGA-1-3
467,CTGAAGTTCTTTAGGG-1-3
468,CTGCCTATCTCTTATG-1-3
469,CTGCGGAAGTGAATTG-1-3
470,CTGCGGACATTAGCCA-1-3
471,CTGCTGTAGACTGGGT-1-3
472,CTGCTGTGTTGTGGCC-1-3
473,CTGGTCTAGAGGTACC-1-3
474,CTGGTCTAGGATTCGG-1-3
475,CTGGTCTAGGTGATTA-1-3
476,CTGTGCTAGTTGAGAT-1-3
477,CTGTGCTCAGCTCCGA-1-3
478,CTGTGCTTCCGTAGGC-1-3
479,CTGTGCTTCGGATGGA-1-3
480,CTGTTTAAGTGCAAGC-1-3
481,CTGTTTAGTAAATACG-1-3
482,CTTAACTAGTTAACGA-1-3
483,CTTACCGAGACATAAC-1-3
484,CTTAGGATCAACGGGA-1-3
485,CTTCTCTAGTCCGTAT-1-3
486,CTTCTCTCAAGCGATG-1-3
487,CTTCTCTGTCAGAGGT-1-3
488,CTTGGCTCATCCCACT-1-3
489,CTTTGCGAGGAATGGA-1-3
490,CTTTGCGTCCAGAAGG-1-3
491,GAAACTCGTATCACCA-1-3
492,GAACATCTCTTAACCT-1-3
493,GAACCTAAGGTGCACA-1-3
494,GAACCTAGTGCTGTAT-1-3
495,GAACGGAAGTCAAGCG-1-3
496,GAACGGACAAGGACAC-1-3
497,GAACGGAGTAACGACG-1-3
498,GAACGGATCTCTTGAT-1-3
499,GAACGGATCTGCCAGG-1-3
500,GAACGGATCTGCGGCA-1-3
501,GAAGCAGTCTGCTTGC-1-3
502,GAATAAGCACGAAATA-1-3
503,GAATAAGTCATGCATG-1-3
504,GAATGAAAGGGTTTCT-1-3
505,GAATGAATCCTGTAGA-1-3
506,GACACGCAGTATGACA-1-3
507,GACACGCCATGCTGGC-1-3
508,GACCAATGTTACCGAT-1-3
509,GACCAATGTTGGACCC-1-3
510,GACCAATTCTTGCAAG-1-3
511,GACCTGGGTAGAGCTG-1-3
512,GACGCGTAGACGCACA-1-3
513,GACGGCTTCAACTCTT-1-3
514,GACGTGCGTCACCTAA-1-3
515,GACGTTATCGGAGCAA-1-3
516,GACTAACCATGAGCGA-1-3
517,GACTAACGTCATCCCT-1-3
518,GACTACAAGCGTGTCC-1-3
519,GACTACAGTAGCACGA-1-3
520,GACTACATCTGAGTGT-1-3
521,GACTGCGGTCGCCATG-1-3
522,GAGCAGACAGCTTAAC-1-3
523,GAGCAGACATCGGTTA-1-3
524,GAGCAGATCCGTTGCT-1-3
525,GAGGTGAGTCCGCTGA-1-3
526,GAGTCCGGTACAGACG-1-3
527,GATCAGTCACAGGAGT-1-3
528,GATCAGTCACCTTGTC-1-3
529,GATCAGTGTAACGACG-1-3
530,GATCAGTTCCCGGATG-1-3
531,GATCGATAGATCCCGC-1-3
532,GATCGATCAGCTGTGC-1-3
533,GATCGCGAGCGTTGCC-1-3
534,GATCGTAAGTGCAAGC-1-3
535,GATCTAGAGCTAGCCC-1-3
536,GATCTAGAGTCGCCGT-1-3
537,GATCTAGGTTAGTGGG-1-3
538,GATGAAACAGGCTGAA-1-3
539,GATGAGGAGTTTCCTT-1-3
540,GATGCTAGTACGAAAT-1-3
541,GATTCAGAGCGATGAC-1-3
542,GATTCAGCATTGAGCT-1-3
543,GATTCAGTCGCCAGCA-1-3
544,GATTCAGTCGTCCAGG-1-3
545,GCAAACTCACGAGAGT-1-3
546,GCAATCACAGATTGCT-1-3
547,GCACATACATTACGAC-1-3
548,GCACATATCAAGCCTA-1-3
549,GCACTCTCAGCGTCCA-1-3
550,GCACTCTGTCTGCAAT-1-3
551,GCAGCCAAGCGGATCA-1-3
552,GCAGCCACAGCGTTCG-1-3
553,GCAGTTACATTTCACT-1-3
554,GCAGTTAGTTCCCTTG-1-3
555,GCATACAAGCACGCCT-1-3
556,GCATACAGTAAGTTCC-1-3
557,GCATGATAGCCTTGAT-1-3
558,GCATGATCAAGCGAGT-1-3
559,GCATGATGTCACTGGC-1-3
560,GCATGCGAGGAACTGC-1-3
561,GCATGCGGTACAGACG-1-3
562,GCATGTAAGAATCTCC-1-3
563,GCATGTAAGCCACTAT-1-3
564,GCATGTAAGCTGTCTA-1-3
565,GCATGTACATAAGACA-1-3
566,GCATGTATCGCCAGCA-1-3
567,GCCAAATTCAACACCA-1-3
568,GCCAAATTCAGTGTTG-1-3
569,GCCTCTAAGAGTTGGC-1-3
570,GCCTCTAAGCTAGTCT-1-3
571,GCCTCTAAGTCCGGTC-1-3
572,GCGACCAAGTTGCAGG-1-3
573,GCGAGAACACCTATCC-1-3
574,GCGAGAATCCGAATGT-1-3
575,GCGCAACAGTGTACCT-1-3
576,GCGCAACAGTTACGGG-1-3
577,GCGCAACCAACACCTA-1-3
578,GCGCAACGTTTCGCTC-1-3
579,GCGCAGTGTACGCACC-1-3
580,GCGCAGTGTTAGAACA-1-3
581,GCGCAGTTCACCGGGT-1-3
582,GCGCCAAAGCTCCTTC-1-3
583,GCGCCAACAAATTGCC-1-3
584,GCGCCAAGTGCACGAA-1-3
585,GCGCGATCAAATTGCC-1-3
586,GCGCGATCACTAAGTC-1-3
587,GCGGGTTAGACTTGAA-1-3
588,GCTCCTAAGGGCATGT-1-3
589,GCTCCTAGTGGTGTAG-1-3
590,GCTGCAGGTCTCCACT-1-3
591,GCTGCGAAGCTAGCCC-1-3
592,GCTGCGATCTAGCACA-1-3
593,GCTGCTTGTCACTTCC-1-3
594,GCTGGGTGTCATACTG-1-3
595,GCTGGGTGTCTAGAGG-1-3
596,GCTGGGTTCACATGCA-1-3
597,GCTTGAAAGAGGTAGA-1-3
598,GCTTGAACATTTGCTT-1-3
599,GGAAAGCCAATGTAAG-1-3
600,GGAACTTCAAGCGAGT-1-3
601,GGAATAACATCCTAGA-1-3
602,GGAATAAGTGAGGCTA-1-3
603,GGACAAGTCAAAGACA-1-3
604,GGACAAGTCCGCGGTA-1-3
605,GGACAGACAATCCAAC-1-3
606,GGACGTCAGGGTGTTG-1-3
607,GGACGTCCAAGAGTCG-1-3
608,GGACGTCCACGCATCG-1-3
609,GGACGTCCATGGATGG-1-3
610,GGACGTCGTCAGAAGC-1-3
611,GGACGTCGTCGAGATG-1-3
612,GGACGTCGTCTTGTCC-1-3
613,GGAGCAAAGGGCATGT-1-3
614,GGAGCAACAAGCGCTC-1-3
615,GGAGCAACAGTCACTA-1-3
616,GGAGCAACATCGATTG-1-3
617,GGAGCAAGTATCACCA-1-3
618,GGAGCAAGTTGATTGC-1-3
619,GGAGCAATCATCGATG-1-3
620,GGATGTTAGTAAGTAC-1-3
621,GGATGTTCACTGAAGG-1-3
622,GGATGTTGTCTGGAGA-1-3
623,GGATGTTGTGCAACGA-1-3
624,GGATGTTGTTACGCGC-1-3
625,GGATGTTTCTGGCGAC-1-3
626,GGCAATTCATCTCCCA-1-3
627,GGCAATTTCACATGCA-1-3
628,GGCAATTTCATCGGAT-1-3
629,GGCAATTTCCGAATGT-1-3
630,GGCCGATGTCAAACTC-1-3
631,GGCGACTTCCACGAAT-1-3
632,GGCGTGTCACCGATAT-1-3
633,GGCGTGTTCGAGAGCA-1-3
634,GGCGTGTTCGTGGGAA-1-3
635,GGCGTGTTCTCGTATT-1-3
636,GGCTCGACAGCTATTG-1-3
637,GGCTCGAGTCACCTAA-1-3
638,GGCTCGATCATCGATG-1-3
639,GGGAATGCAAAGTGCG-1-3
640,GGGAATGTCGACCAGC-1-3
641,GGGACCTAGTGCCAGA-1-3
642,GGGACCTCACGCCAGT-1-3
643,GGGACCTCACTGTCGG-1-3
644,GGGAGATGTCTTCTCG-1-3
645,GGGATGATCTGTCCGT-1-3
646,GGGCACTCAATGAAAC-1-3
647,GGGCACTTCACGAAGG-1-3
648,GGGCACTTCTGTCTCG-1-3
649,GGGCATCGTGGTCTCG-1-3
650,GGGTCTGCACAGGCCT-1-3
651,GGGTCTGCAGCAGTTT-1-3
652,GGGTCTGCATGAAGTA-1-3
653,GGGTCTGTCATGTGGT-1-3
654,GGTATTGTCAGGTTCA-1-3
655,GGTGAAGAGGTAAACT-1-3
656,GGTGAAGAGTTCGCAT-1-3
657,GGTGCGTTCACCGTAA-1-3
658,GGTGTTAAGAGCCCAA-1-3
659,GTAACGTGTGCCTGCA-1-3
660,GTAACTGAGCGAGAAA-1-3
661,GTAACTGAGTGCTGCC-1-3
662,GTAACTGGTCACTGGC-1-3
663,GTACGTAAGCTTCGCG-1-3
664,GTACGTAAGTCCCACG-1-3
665,GTACTCCGTAGCGATG-1-3
666,GTACTCCTCCAACCAA-1-3
667,GTACTCCTCTCTTATG-1-3
668,GTACTTTCATGCATGT-1-3
669,GTACTTTCATGCCCGA-1-3
670,GTACTTTGTACCGTAT-1-3
671,GTACTTTGTATATGAG-1-3
672,GTACTTTTCCCTAATT-1-3
673,GTACTTTTCGGCGCAT-1-3
674,GTACTTTTCTTCGGTC-1-3
675,GTAGGCCCACTTCTGC-1-3
676,GTAGGCCGTATGCTTG-1-3
677,GTAGGCCGTCAATGTC-1-3
678,GTAGTCAAGCACGCCT-1-3
679,GTAGTCAGTCCGCTGA-1-3
680,GTAGTCAGTGACGCCT-1-3
681,GTATCTTAGATAGCAT-1-3
682,GTATCTTCATCGATGT-1-3
683,GTATCTTGTCGCGGTT-1-3
684,GTATCTTTCTTTAGTC-1-3
685,GTATTCTTCTCTAAGG-1-3
686,GTCAAGTGTACGCACC-1-3
687,GTCACAAAGAAACCTA-1-3
688,GTCACAAGTCGAGTTT-1-3
689,GTCACAATCTGTCTAT-1-3
690,GTCACGGAGCTATGCT-1-3
691,GTCACGGAGTCCCACG-1-3
692,GTCACGGCACTTCGAA-1-3
693,GTCACGGCATACTACG-1-3
694,GTCACGGCATCCGTGG-1-3
695,GTCCTCAAGAAGGTGA-1-3
696,GTCCTCACATGACATC-1-3
697,GTCCTCATCATTTGGG-1-3
698,GTCCTCATCTGGAGCC-1-3
699,GTCGGGTCACGCCAGT-1-3
700,GTCGGGTGTCTGCAAT-1-3
701,GTCGTAAAGTTTAGGA-1-3
702,GTCGTAATCAGCACAT-1-3
703,GTCTCGTAGATCTGCT-1-3
704,GTCTCGTAGGCTAGAC-1-3
705,GTCTCGTCATAGTAAG-1-3
706,GTCTCGTTCCTAGGGC-1-3
707,GTCTCGTTCTGCGTAA-1-3
708,GTCTTCGAGCGTGAGT-1-3
709,GTCTTCGAGGCACATG-1-3
710,GTCTTCGCATGTAGTC-1-3
711,GTGAAGGTCTCTTATG-1-3
712,GTGCATAAGAACAATC-1-3
713,GTGCATAGTCTCCATC-1-3
714,GTGCATAGTTCAACCA-1-3
715,GTGCATATCAGAGACG-1-3
716,GTGCGGTAGTGAATTG-1-3
717,GTGCGGTCAGCGTAAG-1-3
718,GTGCGGTCATTTGCCC-1-3
719,GTGCGGTTCTGATTCT-1-3
720,GTGCTTCTCACGACTA-1-3
721,GTGGGTCCATAAAGGT-1-3
722,GTGGGTCCATCGATTG-1-3
723,GTGGGTCGTAGGAGTC-1-3
724,GTGGGTCGTCCAGTAT-1-3
725,GTGTGCGCAGCGATCC-1-3
726,GTGTGCGCATGAGCGA-1-3
727,GTGTGCGGTAGTACCT-1-3
728,GTGTGCGGTGTAAGTA-1-3
729,GTGTTAGAGACTACAA-1-3
730,GTGTTAGGTACCGAGA-1-3
731,GTGTTAGGTGAACCTT-1-3
732,GTTAAGCAGCTACCGC-1-3
733,GTTACAGTCTAGAGTC-1-3
734,GTTCATTAGAAGATTC-1-3
735,GTTCATTGTCAACATC-1-3
736,GTTCATTTCCGAACGC-1-3
737,GTTCTCGAGAATTCCC-1-3
738,GTTCTCGCAAGAAAGG-1-3
739,GTTCTCGGTAAGTGTA-1-3
740,GTTCTCGGTGTAAGTA-1-3
741,GTTCTCGTCTACCAGA-1-3
742,GTTCTCGTCTTACCGC-1-3
743,GTTTCTAAGAAGATTC-1-3
744,GTTTCTAAGATGTGGC-1-3
745,GTTTCTACAGGACCCT-1-3
746,GTTTCTAGTGCTTCTC-1-3
747,GTTTCTATCCAGGGCT-1-3
748,TAAGAGACATGGTCTA-1-3
749,TAAGCGTAGATCGATA-1-3
750,TAAGCGTGTTTGGGCC-1-3
751,TAAGCGTTCGAACTGT-1-3
752,TACACGACAGCATGAG-1-3
753,TACAGTGCAATCTACG-1-3
754,TACAGTGCACTCGACG-1-3
755,TACAGTGCACTTCTGC-1-3
756,TACCTATAGATCCGAG-1-3
757,TACCTATGTCGGCTCA-1-3
758,TACCTTAAGATGTAAC-1-3
759,TACCTTATCGGCGCAT-1-3
760,TACCTTATCTCGCTTG-1-3
761,TACGGGCAGCAAATCA-1-3
762,TACGGGCTCTTCGGTC-1-3
763,TACGGTATCATGCTCC-1-3
764,TACGGTATCTTTCCTC-1-3
765,TACTCATAGACCTTTG-1-3
766,TACTCATAGGCCATAG-1-3
767,TACTCGCTCTTCGGTC-1-3
768,TAGACCATCTTATCTG-1-3
769,TAGAGCTAGTGCCATT-1-3
770,TAGGCATGTCTGCAAT-1-3
771,TAGTGGTAGGACACCA-1-3
772,TAGTGGTGTAGCAAAT-1-3
773,TAGTGGTGTAGCGTAG-1-3
774,TAGTGGTTCCTCAACC-1-3
775,TAGTTGGTCTTGCAAG-1-3
776,TATCAGGGTTCGAATC-1-3
777,TATCAGGTCTTCGGTC-1-3
778,TATGCCCAGAACAATC-1-3
779,TATGCCCGTACCGTAT-1-3
780,TATTACCAGCTAGTCT-1-3
781,TATTACCGTGGTCCGT-1-3
782,TATTACCGTTGAGTTC-1-3
783,TATTACCGTTTGGGCC-1-3
784,TCAATCTCAGTGGGAT-1-3
785,TCACAAGAGCATGGCA-1-3
786,TCACAAGCACCGAAAG-1-3
787,TCACAAGTCGTCGTTC-1-3
788,TCACGAATCCTATGTT-1-3
789,TCAGATGCACGACGAA-1-3
790,TCAGATGCACTCGACG-1-3
791,TCAGATGCATATACCG-1-3
792,TCAGATGGTACACCGC-1-3
793,TCAGATGGTAGATTAG-1-3
794,TCAGATGTCGTAGGAG-1-3
795,TCAGCAAGTCACCCAG-1-3
796,TCAGCTCAGTGTGAAT-1-3
797,TCAGGTACAGTCACTA-1-3
798,TCATTTGCATTGGCGC-1-3
799,TCCACACCAGGCGATA-1-3
800,TCCACACGTATAGGTA-1-3
801,TCCACACTCGGCTTGG-1-3
802,TCCCGATCATGCTAGT-1-3
803,TCCCGATGTTAAGACA-1-3
804,TCGAGGCAGTACTTGC-1-3
805,TCGAGGCAGTTAACGA-1-3
806,TCGCGAGAGTACGCGA-1-3
807,TCGCGAGAGTGTACTC-1-3
808,TCGCGAGCACTTCTGC-1-3
809,TCGCGTTCACAAGTAA-1-3
810,TCGCGTTGTCTAACGT-1-3
811,TCGCGTTTCGGAATCT-1-3
812,TCGCGTTTCTCTGCTG-1-3
813,TCGCGTTTCTTGCCGT-1-3
814,TCGGGACAGAGAACAG-1-3
815,TCGGGACAGCGTTGCC-1-3
816,TCGGGACGTCATCGGC-1-3
817,TCGGGACTCCAGATCA-1-3
818,TCGGTAACAGCCTTGG-1-3
819,TCGGTAAGTGTGAAAT-1-3
820,TCGGTAATCTGTTGAG-1-3
821,TCGTACCAGCGTGAAC-1-3
822,TCGTACCCACTGCCAG-1-3
823,TCGTACCTCACTTACT-1-3
824,TCGTAGATCTTTACGT-1-3
825,TCTATTGAGGCTACGA-1-3
826,TCTATTGCAATCCAAC-1-3
827,TCTATTGGTGGTCCGT-1-3
828,TCTATTGTCCTATTCA-1-3
829,TCTATTGTCTAACTCT-1-3
830,TCTCATAGTTACCAGT-1-3
831,TCTCTAAAGCTGGAAC-1-3
832,TCTCTAAGTATATGAG-1-3
833,TCTGGAAGTCATCGGC-1-3
834,TCTGGAAGTTCGTCTC-1-3
835,TCTTCGGGTTCGCTAA-1-3
836,TCTTCGGTCTGCTTGC-1-3
837,TCTTCGGTCTGGCGTG-1-3
838,TCTTTCCAGGATTCGG-1-3
839,TGAAAGAAGTGAACGC-1-3
840,TGAAAGAGTCTAAAGA-1-3
841,TGACAACCATAGGATA-1-3
842,TGACGGCAGTATCTCG-1-3
843,TGACTAGGTGTATGGG-1-3
844,TGACTTTAGGTCATCT-1-3
845,TGAGAGGAGGCGATAC-1-3
846,TGAGCATGTCTGGAGA-1-3
847,TGAGCATGTGTAATGA-1-3
848,TGAGCATGTTAAAGAC-1-3
849,TGAGCCGTCCGTAGGC-1-3
850,TGAGCCGTCGTCACGG-1-3
851,TGAGGGACAGGACCCT-1-3
852,TGATTTCAGTACGCCC-1-3
853,TGATTTCCAAATACAG-1-3
854,TGATTTCGTGAGGGTT-1-3
855,TGCACCTAGAAGAAGC-1-3
856,TGCCAAACATGACATC-1-3
857,TGCCCATCACTGTGTA-1-3
858,TGCCCATCATTTGCCC-1-3
859,TGCCCATGTGCCTGGT-1-3
860,TGCCCTACACCCAGTG-1-3
861,TGCCCTAGTATCGCAT-1-3
862,TGCCCTATCATAAAGG-1-3
863,TGCCCTATCCCACTTG-1-3
864,TGCGCAGCAAGTTCTG-1-3
865,TGCGTGGAGTACACCT-1-3
866,TGCGTGGGTTACTGAC-1-3
867,TGCTACCAGACTAAGT-1-3
868,TGCTGCTAGGATGCGT-1-3
869,TGGACGCAGATTACCC-1-3
870,TGGACGCAGCGTCTAT-1-3
871,TGGACGCGTATTCGTG-1-3
872,TGGACGCGTCCGCTGA-1-3
873,TGGACGCTCTTGTTTG-1-3
874,TGGCCAGCATATACCG-1-3
875,TGGCGCAGTCGACTAT-1-3
876,TGGCTGGCAGTGAGTG-1-3
877,TGGCTGGGTCGTCTTC-1-3
878,TGGGCGTAGTGAAGTT-1-3
879,TGGGCGTGTCCCTACT-1-3
880,TGGGCGTGTCGAGATG-1-3
881,TGGGCGTGTCTGGTCG-1-3
882,TGGGCGTGTGTGCGTC-1-3
883,TGGGCGTTCCTGTACC-1-3
884,TGGTTAGCAGTCGTGC-1-3
885,TGGTTCCCAATACGCT-1-3
886,TGTATTCAGAGGGCTT-1-3
887,TGTATTCTCTATCCTA-1-3
888,TGTCCCAAGCCAGAAC-1-3
889,TGTCCCACACGGTAGA-1-3
890,TGTCCCACATTATCTC-1-3
891,TGTCCCAGTCCGTGAC-1-3
892,TGTCCCATCAAAGTAG-1-3
893,TGTCCCATCTCTGCTG-1-3
894,TGTGGTAAGTGGTCCC-1-3
895,TGTGGTACAGTAAGCG-1-3
896,TGTGGTACAGTCGATT-1-3
897,TGTGGTAGTGCCTGCA-1-3
898,TGTGTTTAGCAGGCTA-1-3
899,TGTTCCGGTCAGTGGA-1-3
900,TGTTCCGTCAAACCAC-1-3
901,TTAACTCCACGAGAGT-1-3
902,TTAGGCAGTGTGAATA-1-3
903,TTAGGCAGTTCCAACA-1-3
904,TTAGTTCTCCTCAACC-1-3
905,TTATGCTCACCCAGTG-1-3
906,TTATGCTCACTACAGT-1-3
907,TTATGCTGTCCGTCAG-1-3
908,TTATGCTTCCAGTATG-1-3
909,TTCCCAGAGTTACCCA-1-3
910,TTCCCAGCAACACCCG-1-3
911,TTCCCAGCAAGCCTAT-1-3
912,TTCCCAGGTGTTAAGA-1-3
913,TTCGAAGAGTACGCCC-1-3
914,TTCGAAGCATACTACG-1-3
915,TTCGAAGTCAACGCTA-1-3
916,TTCGGTCGTATAGTAG-1-3
917,TTCGGTCTCTTTAGGG-1-3
918,TTCTACAAGATCGATA-1-3
919,TTCTACAAGATGCCTT-1-3
920,TTCTACAAGGCGATAC-1-3
921,TTCTACAGTGTTGAGG-1-3
922,TTCTACATCTACTCAT-1-3
923,TTCTCAAAGCCTATGT-1-3
924,TTCTCAACATTTGCCC-1-3
925,TTCTCAATCACTCCTG-1-3
926,TTCTCAATCAGAAATG-1-3
927,TTCTCCTAGAGAGCTC-1-3
928,TTCTCCTAGGGATGGG-1-3
929,TTCTTAGTCAGTGTTG-1-3
930,TTCTTAGTCGCAGGCT-1-3
931,TTGAACGTCATCGATG-1-3
932,TTGACTTTCAGCCTAA-1-3
933,TTGACTTTCTGGAGCC-1-3
934,TTGCCGTAGCCAGTTT-1-3
935,TTGCCGTCACCGAATT-1-3
936,TTGCCGTTCGGATGTT-1-3
937,TTGGAACGTCAGTGGA-1-3
938,TTGGAACGTCCGTTAA-1-3
939,TTGGCAAAGAACTGTA-1-3
940,TTGGCAACATCATCCC-1-3
941,TTGTAGGGTTACGGAG-1-3
942,TTGTAGGTCCAAATGC-1-3
943,TTTACTGCAGCATACT-1-3
944,TTTACTGGTTCGTTGA-1-3
945,TTTATGCAGCGTCTAT-1-3
946,TTTATGCAGGTTACCT-1-3
947,TTTCCTCAGTGTCCCG-1-3
948,TTTCCTCCAGGATCGA-1-3
949,TTTCCTCGTGGCGAAT-1-3
950,TTTGCGCTCACTTACT-1-3
951,TTTGTCAAGAATGTGT-1-3
952,TTTGTCAAGTGACATA-1-3
953,TTTGTCATCTGTTTGT-1-3
