"","x"
"1","AAACGGGTCAGCTCTC-1-3"
"2","GTAACGTGTGCCTGCA-1-3"
"3","ATCTGCCCACGTCTCT-1-3"
"4","ACCAGTATCGTTTAGG-1-3"
"5","GCGCGATCAAATTGCC-1-3"
"6","GATCGATTCAAGATCC-1-3"
"7","CTCGAGGTCTGTTGAG-1-3"
"8","ACTTACTAGCCGGTAA-1-3"
"9","TCTTTCCTCGTCTGCT-1-3"
"10","TACTCATAGGCCATAG-1-3"
"11","CAGAATCGTCATTAGC-1-3"
"12","GCACTCTTCCGGCACA-1-3"
"13","ATTCTACCACGGTAAG-1-3"
"14","TCGGGACAGAGAACAG-1-3"
"15","GATTCAGCATTGAGCT-1-3"
"16","ATTATCCAGAAACCTA-1-3"
"17","GGGAGATGTCTTCTCG-1-3"
"18","AGGTCCGAGTTACCCA-1-3"
"19","GTACTCCCACGTCTCT-1-3"
"20","TACAGTGCACTCGACG-1-3"
"21","GCTCCTAGTGGTGTAG-1-3"
"22","CGATCGGCACGCCAGT-1-3"
"23","TGATTTCAGTACGCCC-1-3"
"24","TGAGCCGTCGTCACGG-1-3"
"25","ATCTGCCGTATTAGCC-1-3"
"26","CGTCAGGCATGGGAAC-1-3"
"27","GGAGCAACAGTCACTA-1-3"
"28","TCGCGTTCACAAGTAA-1-3"
"29","CACACAAAGCTCCCAG-1-3"
"30","TAGGCATGTATCGCAT-1-3"
"31","GTTCTCGTCAGTTTGG-1-3"
"32","TCAGCAAAGCGATGAC-1-3"
"33","CATCAGAAGAGGTTGC-1-3"
"34","ACGAGGAAGTTACCCA-1-3"
"35","GTCCTCATCTGGAGCC-1-3"
"36","CGGACTGTCACTCCTG-1-3"
"37","GGGAATGTCAGCATGT-1-3"
"38","AACTGGTTCCTACAGA-1-3"
"39","GGCGTGTGTCCGACGT-1-3"
"40","TGTATTCGTCGACTAT-1-3"
"41","AGTTGGTCAAACAACA-1-3"
"42","CGAGCACGTGATAAGT-1-3"
"43","ACGGGTCCATGATCCA-1-3"
"44","AACTCAGTCCGTCAAA-1-3"
"45","GTTTCTAAGATGTGGC-1-3"
"46","GTAGTCAGTCCGCTGA-1-3"
"47","AAGGCAGTCCGAGCCA-1-3"
"48","CAGCCGAGTGGTCCGT-1-3"
"49","ACTTACTCAATACGCT-1-3"
"50","TTCTACAGTGTTGAGG-1-3"
"51","ACTTACTTCCAATGGT-1-3"
"52","GGTATTGGTACTCGCG-1-3"
"53","CAGCGACCACCGTTGG-1-3"
"54","CCCTCCTAGACCCACC-1-3"
"55","CGTGTAAAGTACGTTC-1-3"
"56","AGCTCCTGTAGAGTGC-1-3"
"57","CCTACACAGATCCGAG-1-3"
"58","TCGCGTTGTCTAACGT-1-3"
"59","ACGATACAGGGTCGAT-1-3"
"60","AGGGAGTCACCGAATT-1-3"
"61","ACTTTCACAACTGCTA-1-3"
"62","CATGACACATCGATTG-1-3"
"63","AATCGGTCAAACAACA-1-3"
"64","ACATCAGTCCTTGGTC-1-3"
"65","CGAACATCAAGCGAGT-1-3"
"66","GGGCACTAGGAGTTGC-1-3"
"67","AACTCAGAGAGCTGCA-1-3"
"68","CGCTGGACACGGTAAG-1-3"
"69","ACTGAGTGTAGCTAAA-1-3"
"70","CCTTACGCAAGGTGTG-1-3"
"71","TCTGAGAGTACCGTAT-1-3"
"72","ACGCCGAAGAGGGATA-1-3"
"73","CGAGCACTCTTCGAGA-1-3"
"74","TTAGGACGTTCAGTAC-1-3"
"75","CTAAGACAGACAAAGG-1-3"
"76","CGTCACTCATAGTAAG-1-3"
"77","CAAGTTGCAAGACGTG-1-3"
"78","AGGGATGGTTAGGGTG-1-3"
"79","GGACATTGTGCGGTAA-1-3"
"80","CTAGCCTAGGAATGGA-1-3"
"81","CTACGTCGTTGATTCG-1-3"
"82","CAGAATCGTCGGCTCA-1-3"
"83","AGCGTATCATCTCCCA-1-3"
"84","CGGACTGGTTTAGCTG-1-3"
"85","GCGCGATTCGCGTAGC-1-3"
"86","TTCTACAAGATCGATA-1-3"
"87","TGTCCCAAGTTTAGGA-1-3"
"88","AGTGAGGGTGGCGAAT-1-3"
"89","CTGAAACTCACGGTTA-1-3"
"90","GTTAAGCTCCGCGTTT-1-3"
"91","GCAGCCATCGACCAGC-1-3"
"92","GAACATCTCTTAACCT-1-3"
"93","ACTTGTTTCATATCGG-1-3"
"94","GTGCATATCTCCCTGA-1-3"
"95","GGATGTTTCTGGCGAC-1-3"
"96","CTCTAATAGCGTTGCC-1-3"
"97","AAAGATGAGTGAACAT-1-3"
"98","ATCCACCCAGTCTTCC-1-3"
"99","TCGGTAATCTGTTGAG-1-3"
"100","AGTAGTCCACATGACT-1-3"
"101","CCTCTGACATCGGTTA-1-3"
"102","ACATACGGTCCCGACA-1-3"
"103","CTCAGAACACTAGTAC-1-3"
"104","GGCAATTTCCGAATGT-1-3"
"105","CTTAACTGTCCGCTGA-1-3"
"106","TATGCCCTCTTCCTTC-1-3"
"107","GTACTTTTCGGCGCAT-1-3"
"108","CGTTGGGCATACCATG-1-3"
"109","CTAATGGAGCCGGTAA-1-3"
"110","GCACATATCACGGTTA-1-3"
"111","TGTCCCACACGGTAGA-1-3"
"112","CGTCACTCACGAAATA-1-3"
"113","CTCAGAAGTACAGTTC-1-3"
"114","ACATGGTCAAGGACTG-1-3"
"115","CGGTTAAGTCTAGCCG-1-3"
"116","AACTCCCGTCCGAAGA-1-3"
"117","CATCGGGTCTTCGGTC-1-3"
"118","AGTCTTTTCGTACGGC-1-3"
"119","GGAATAAGTAGCTAAA-1-3"
"120","ACCAGTAGTGCGCTTG-1-3"
"121","ACATACGGTCAATACC-1-3"
"122","GGACGTCCACGCATCG-1-3"
"123","TTTATGCAGCGTCTAT-1-3"
"124","GCGGGTTAGACTTGAA-1-3"
"125","GCGCAGTCATCCGTGG-1-3"
"126","GTCTCGTAGGCTAGAC-1-3"
"127","TCGGGACTCCAGATCA-1-3"
"128","TGCCCTACACCCAGTG-1-3"
"129","ACTTACTCAATCAGAA-1-3"
"130","GTCTCGTCATTCGACA-1-3"
"131","CGTTAGATCAGTCAGT-1-3"
"132","GTCCTCACAAGTAATG-1-3"
"133","CACAAACAGTAGCGGT-1-3"
"134","CATATTCGTTTGTGTG-1-3"
"135","ATTATCCAGACCCACC-1-3"
"136","GTTAAGCTCCGCATAA-1-3"
"137","GCTGCAGCATTCTCAT-1-3"
"138","CACACCTGTCGCTTTC-1-3"
"139","TGACTTTAGGTCATCT-1-3"
"140","GGGAATGGTCGGCTCA-1-3"
"141","GGACAAGCAATAAGCA-1-3"
"142","CTTTGCGAGGAATGGA-1-3"
"143","ACTGATGTCCCTAACC-1-3"
"144","GGGATGAGTTGTGGAG-1-3"
"145","GGAACTTAGGTTACCT-1-3"
"146","CATGGCGAGAAGGCCT-1-3"
"147","GCATGTAAGCTGTCTA-1-3"
"148","CCTTTCTGTTTGTTTC-1-3"
"149","CAGCGACTCATGCAAC-1-3"
"150","CGTTCTGTCACAATGC-1-3"
"151","CGCTTCAGTTCACGGC-1-3"
"152","TTAGGCAGTGTGAATA-1-3"
"153","ATGTGTGCACAAGTAA-1-3"
"154","CTACGTCAGCTAGCCC-1-3"
"155","ACTGCTCAGTCTCCTC-1-3"
"156","AACCATGGTTCGGCAC-1-3"
"157","AACACGTGTCGGCTCA-1-3"
"158","GGGCACTTCACGAAGG-1-3"
"159","TCAATCTCAGTGGGAT-1-3"
"160","TGGCCAGTCTGCTGCT-1-3"
"161","GCTCTGTAGTGTACGG-1-3"
"162","GCTGGGTCACGAGGTA-1-3"
"163","TACCTTAGTCAGGACA-1-3"
"164","GCCTCTAAGTCCGGTC-1-3"
"165","AACACGTGTCTTGTCC-1-3"
"166","GCGCAACGTCGAAAGC-1-3"
"167","CACACAAGTTAAGAAC-1-3"
"168","CAGTAACCAGGTCGTC-1-3"
"169","GTACTTTTCCCTAATT-1-3"
"170","TTCGGTCAGCTAGCCC-1-3"
"171","CTAAGACAGCCACGCT-1-3"
"172","TTCCCAGAGGATTCGG-1-3"
"173","CAGCGACCATATGGTC-1-3"
"174","GGGTCTGCACAGGCCT-1-3"
"175","GAAGCAGTCTGCTTGC-1-3"
"176","TTAGGCAAGTATTGGA-1-3"
"177","GCTTGAATCCCTCAGT-1-3"
"178","CATCAAGAGCTCCTTC-1-3"
"179","GCACATACATTACGAC-1-3"
"180","TGGACGCGTATTCGTG-1-3"
"181","CCGTACTTCCTTGGTC-1-3"
"182","GCTGCGAAGCTAGCCC-1-3"
"183","GAAACTCAGGACAGCT-1-3"
"184","AACCGCGAGGATGGTC-1-3"
"185","CATGACAGTAGCTTGT-1-3"
"186","CTCGGAGAGAATGTGT-1-3"
"187","TCACAAGCACCGAAAG-1-3"
"188","TCATTACCATGCATGT-1-3"
"189","TGCCCATCACTGTGTA-1-3"
"190","AGGGATGTCGCATGGC-1-3"
"191","CATCGAACACTACAGT-1-3"
"192","TGCTACCCAGGGCATA-1-3"
"193","GTAGTCAAGCACGCCT-1-3"
"194","GATCGATTCAGGCAAG-1-3"
"195","CATGCCTAGTGGTAGC-1-3"
"196","CTCTGGTCAGTTCATG-1-3"
"197","CTGCTGTGTTATCACG-1-3"
"198","CATGCCTTCGCACTCT-1-3"
"199","GACGTTAAGACGCTTT-1-3"
"200","CATGACACAACAACCT-1-3"
"201","GTACGTACATCGATGT-1-3"
"202","AACTCAGCATTCCTCG-1-3"
"203","TACGGATAGTTTAGGA-1-3"
"204","ATAACGCCACCGCTAG-1-3"
"205","CGTAGCGCACTGCCAG-1-3"
"206","TGCTGCTAGGATGCGT-1-3"
"207","CATCCACGTACTCAAC-1-3"
"208","GAACATCTCACAAACC-1-3"
"209","TCGCGTTTCGGAATCT-1-3"
"210","GCATGATAGCCTTGAT-1-3"
"211","TTTACTGCACGGTAGA-1-3"
"212","GACTAACGTCATCCCT-1-3"
"213","CAGAATCGTGTAAGTA-1-3"
"214","AAATGCCCACATCTTT-1-3"
"215","GTCGTAATCGTTGACA-1-3"
"216","AAACGGGTCAAACAAG-1-3"
"217","CTCGTCAGTCACAAGG-1-3"
"218","TGAGCCGCATGTCTCC-1-3"
"219","ACGATGTTCTGCTGCT-1-3"
"220","TCGCGTTTCTTGCCGT-1-3"
"221","TCACGAATCCTATGTT-1-3"
"222","CACACTCGTAGGGTAC-1-3"
"223","ACATACGCACTTCTGC-1-3"
"224","CCCAATCGTTCCACGG-1-3"
"225","GGCTGGTTCATGCATG-1-3"
"226","CTTTGCGTCCAGAAGG-1-3"
"227","CAGCGACTCCGCGCAA-1-3"
"228","TTTACTGCAGCATACT-1-3"
"229","GTCGGGTGTTTGGCGC-1-3"
"230","TGTGGTATCCAGTAGT-1-3"
"231","CTTAGGACACTCTGTC-1-3"
"232","TTCTTAGTCGGCGCTA-1-3"
"233","CTGCGGATCCCTAACC-1-3"
"234","CTAAGACTCACTCCTG-1-3"
"235","AGAATAGCACGCTTTC-1-3"
"236","AGAGTGGGTCACCTAA-1-3"
"237","CATTCGCCATCACAAC-1-3"
"238","AGGTCATGTCCAGTAT-1-3"
"239","CTTAGGACATCTATGG-1-3"
"240","AGTGTCATCGCCGTGA-1-3"
"241","AACTCAGGTGCCTGTG-1-3"
"242","CTGTGCTAGAGTCTGG-1-3"
"243","GCTCTGTAGCGTGAGT-1-3"
"244","ATTATCCCAACTGCTA-1-3"
"245","CATCAAGTCCGAAGAG-1-3"
"246","GGGACCTGTATGAAAC-1-3"
"247","TTGAACGTCTGGTTCC-1-3"
"248","TCAACGATCAACCATG-1-3"
"249","TAGTGGTAGGACACCA-1-3"
"250","TTGACTTCAATGGACG-1-3"
"251","CGTGTAATCATTATCC-1-3"
"252","CTGTGCTCATTACCTT-1-3"
"253","TTAACTCCACGAGAGT-1-3"
"254","GTCTCGTCATAGTAAG-1-3"
"255","TACAGTGCAATCTACG-1-3"
"256","ACGGCCAGTCAAACTC-1-3"
"257","TACAGTGGTAAACGCG-1-3"
"258","GACTGCGAGAATCTCC-1-3"
"259","AAGCCGCCAATGGACG-1-3"
"260","AAGTCTGGTGGACGAT-1-3"
"261","GCATGCGGTAAGTGGC-1-3"
"262","CACTCCATCGCAAGCC-1-3"
"263","GTACTCCCACAGGTTT-1-3"
"264","TAAGCGTAGATCGATA-1-3"
"265","CCAGCGACAGACGTAG-1-3"
"266","GTTCATTAGAAGATTC-1-3"
"267","TCTCATAGTTACCAGT-1-3"
"268","GGCCGATTCACTCTTA-1-3"
"269","TGCGTGGAGGTAAACT-1-3"
"270","AGTCTTTGTCTAAACC-1-3"
"271","GGCGTGTCACCAGGTC-1-3"
"272","GGGTCTGCATGAAGTA-1-3"
"273","TACCTATGTTAAAGTG-1-3"
"274","ATCACGACAGCCTATA-1-3"
"275","ACACTGAGTCCATGAT-1-3"
"276","ACTATCTGTGTGACCC-1-3"
"277","CGTGTAAGTCTTGATG-1-3"
"278","GTAGTCAGTGACGCCT-1-3"
"279","CTTTGCGAGATCACGG-1-3"
"280","GATCGATAGAAAGTGG-1-3"
"281","GTGTTAGAGACTACAA-1-3"
"282","CCTAAAGGTGACGCCT-1-3"
"283","GCGCGATGTGGCGAAT-1-3"
"284","AACCATGCACAGGAGT-1-3"
"285","TACCTTATCGGCGCAT-1-3"
"286","CTACATTAGCACAGGT-1-3"
"287","GTAACTGGTCACTGGC-1-3"
"288","CGACCTTAGCTATGCT-1-3"
"289","CAAGAAACACTAGTAC-1-3"
"290","TTCGAAGAGTACGCCC-1-3"
"291","TTCGAAGTCAACGCTA-1-3"
"292","CCGGGATGTGTCAATC-1-3"
"293","AAGGAGCTCCCAACGG-1-3"
"294","CGCTGGAGTTGTGGCC-1-3"
"295","CACATTTGTATAGTAG-1-3"
"296","TACAGTGTCGCTGATA-1-3"
"297","TCTGAGATCTTGCAAG-1-3"
"298","ACGATACGTGAGGGAG-1-3"
"299","TGACTAGTCCTATTCA-1-3"
"300","CGCCAAGCAAAGTCAA-1-3"
"301","GTACGTAAGTCCCACG-1-3"
"302","CACCAGGAGTGTTGAA-1-3"
"303","ATTTCTGTCGGCGCTA-1-3"
"304","CAAGTTGTCGTCCGTT-1-3"
"305","ACGTCAAAGTGTCTCA-1-3"
"306","AAGTCTGTCCGAGCCA-1-3"
"307","TTCTCAAAGTACGCGA-1-3"
"308","AGCAGCCGTCGCATCG-1-3"
"309","GAGCAGATCCGTTGCT-1-3"
"310","TACGGATTCACGGTTA-1-3"
"311","TCTCTAAAGACCGGAT-1-3"
"312","TCAGGTAAGGCGTACA-1-3"
"313","TTGTAGGGTTGTTTGG-1-3"
"314","TGTTCCGTCAAACCAC-1-3"
"315","TGTGTTTTCCCTCAGT-1-3"
"316","TTCTTAGTCGCAGGCT-1-3"
"317","TGCGGGTCAATCGAAA-1-3"
"318","TAGTTGGCAGCCTATA-1-3"
"319","GAGTCCGCATAAGACA-1-3"
"320","ACTGATGTCTAGAGTC-1-3"
"321","AGCTTGAAGACACGAC-1-3"
"322","GTACTCCGTTAAGAAC-1-3"
"323","TCAATCTCATCCGCGA-1-3"
"324","CTTACCGAGACATAAC-1-3"
"325","ACACCCTAGGACAGCT-1-3"
"326","GTATCTTAGATAGCAT-1-3"
"327","AGTTGGTGTTGTCGCG-1-3"
"328","ACACCCTTCAGTGTTG-1-3"
"329","AGACGTTTCGAGCCCA-1-3"
"330","CTCGGAGGTTGGACCC-1-3"
"331","ATCTACTGTGAACCTT-1-3"
"332","AGCTTGATCAACACGT-1-3"
"333","GATCGTAAGTAGGTGC-1-3"
"334","AACTTTCCACAGTCGC-1-3"
"335","CTTAACTAGTTAACGA-1-3"
"336","ATCATCTAGGCCCTTG-1-3"
"337","GTGTTAGTCGTAGATC-1-3"
"338","ACGAGCCCATGCAATC-1-3"
"339","CCGGGATAGATCTGAA-1-3"
"340","GGGACCTCACGCCAGT-1-3"
"341","GATCTAGGTCCAGTGC-1-3"
"342","TGCACCTAGAAGAAGC-1-3"
"343","TCGGGACGTCATCGGC-1-3"
"344","ACGCCAGCACCATCCT-1-3"
"345","AGCTTGACAATAGAGT-1-3"
"346","TTTGCGCTCACTTACT-1-3"
"347","CTGAAACTCGATAGAA-1-3"
"348","TTGTAGGTCAAAGTAG-1-3"
"349","GTCGTAATCAGCACAT-1-3"
"350","TGTGTTTGTATGAATG-1-3"
"351","GTGCTTCTCAGATAAG-1-3"
"352","CATTCGCAGTCAATAG-1-3"
"353","GCGCCAACAATCAGAA-1-3"
"354","CATATGGTCACAGTAC-1-3"
"355","GATCAGTGTAACGACG-1-3"
"356","GGAATAACATCCTAGA-1-3"
"357","CCGTGGACACGAAGCA-1-3"
"358","CGATGTAGTACTCTCC-1-3"
"359","AGACGTTCACCACGTG-1-3"
"360","CCATGTCTCCGCATAA-1-3"
"361","CCACTACCACAAGTAA-1-3"
"362","GTGAAGGTCAGGCCCA-1-3"
"363","AGCAGCCGTGTAACGG-1-3"
"364","TGCGTGGCATCAGTAC-1-3"
"365","ATTGGTGAGAGCTGCA-1-3"
"366","GGACGTCGTCTTGTCC-1-3"
"367","AGGGAGTAGAGGTAGA-1-3"
"368","CGTCTACCATGCTGGC-1-3"
"369","GAACCTAAGGTGCACA-1-3"
"370","TCTATTGTCTAACTCT-1-3"
"371","TCGCGAGAGTACGCGA-1-3"
"372","CGGCTAGGTGAAATCA-1-3"
"373","ACTTACTAGAGGGCTT-1-3"
"374","ATTGGACAGGCCCGTT-1-3"
"375","ATTACTCAGATGGGTC-1-3"
"376","AATCGGTGTCACACGC-1-3"
"377","CTAGTGAGTTTGGCGC-1-3"
"378","GCAATCAAGATGTTAG-1-3"
"379","ACATGGTGTCATGCAT-1-3"
"380","TCCCGATCAGCATGAG-1-3"
"381","CAGCTAAGTACCGAGA-1-3"
"382","CATGGCGTCGACCAGC-1-3"
"383","TGCTACCCATAAGACA-1-3"
"384","CTGAAACGTAAAGGAG-1-3"
"385","AATCGGTTCGGAGGTA-1-3"
"386","TAAACCGAGGTCGGAT-1-3"
"387","AACCATGAGAGCCTAG-1-3"
"388","GGCCGATTCAGAGACG-1-3"
"389","ACATACGAGTAGGCCA-1-3"
"390","AACTGGTCAGTATCTG-1-3"
"391","CCTACCAGTTGCTCCT-1-3"
"392","TGGTTCCGTCGAATCT-1-3"
"393","AAACCTGGTAAGTGGC-1-3"
"394","CCCTCCTTCGCATGAT-1-3"
"395","TGAGCATGTTAAAGAC-1-3"
"396","GTTCATTGTCAACATC-1-3"
"397","AAGTCTGAGTGAACGC-1-3"
"398","GACTACAAGCGTGTCC-1-3"
"399","GGACAGATCCTTTCGG-1-3"
"400","TCTATTGTCGAGAACG-1-3"
"401","CTCGAAAGTAAGAGGA-1-3"
"402","ATAACGCTCGCCAAAT-1-3"
"403","CCGTACTAGGAGTACC-1-3"
"404","CGGCTAGGTACTCGCG-1-3"
"405","TAAGCGTCAATGCCAT-1-3"
"406","AAATGCCCATGCTAGT-1-3"
"407","CGGACACAGACTCGGA-1-3"
"408","CAGTAACAGCTTCGCG-1-3"
"409","AACACGTGTGACTCAT-1-3"
"410","GTCACAAGTCGAGTTT-1-3"
"411","GCATGTATCACGATGT-1-3"
"412","CGATTGAAGTCAAGGC-1-3"
"413","GGGAATGTCACAAACC-1-3"
"414","TGAAAGAGTTATCACG-1-3"
"415","ACATCAGGTAAATGTG-1-3"
"416","GATCAGTCACCTTGTC-1-3"
"417","CGGAGTCCAGCTCCGA-1-3"
"418","GACTACAAGTTCGCGC-1-3"
"419","TAGTTGGGTATAGTAG-1-3"
"420","CCATTCGGTAGTAGTA-1-3"
"421","TGCGGGTAGACGCACA-1-3"
"422","TGCCCATCATTTGCCC-1-3"
"423","CATATGGGTGAAAGAG-1-3"
"424","GCATGCGAGGAACTGC-1-3"
"425","AGCTCCTTCAATACCG-1-3"
"426","CCTACACCATTATCTC-1-3"
"427","GATCAGTTCCCGGATG-1-3"
"428","AATCGGTCATATGGTC-1-3"
"429","GTTCTCGGTTTGTGTG-1-3"
"430","CGGTTAAAGACAAGCC-1-3"
"431","CGTTCTGAGAGCAATT-1-3"
"432","AGGGTGATCCGCGGTA-1-3"
"433","GATCGATCAGTGGGAT-1-3"
"434","ACCTTTAGTCATATCG-1-3"
"435","TCTCATAAGATGGCGT-1-3"
"436","ATCCGAATCAACTCTT-1-3"
"437","AGTTGGTTCACATAGC-1-3"
"438","CCGGTAGTCAGGATCT-1-3"
"439","CTAACTTGTCGTCTTC-1-3"
"440","AGCGGTCGTCGAATCT-1-3"
"441","CGTCACTCAGTATAAG-1-3"
"442","TGCCCTAAGTCCGGTC-1-3"
"443","GGACAAGTCAAAGACA-1-3"
"444","GTCACAAAGAAACCTA-1-3"
"445","TATCAGGCACCAGTTA-1-3"
"446","CTCTAATTCAGCGACC-1-3"
"447","AACCGCGCAGCCACCA-1-3"
"448","AGAGTGGTCGGCATCG-1-3"
"449","CTCTGGTGTTCAGCGC-1-3"
"450","CATGCCTCACTTGGAT-1-3"
"451","TGTGTTTGTAGCCTCG-1-3"
"452","GCATGCGGTACAGACG-1-3"
"453","GGGCACTCAATGAAAC-1-3"
"454","GTCCTCATCATTTGGG-1-3"
"455","CCGTGGATCTTAGAGC-1-3"
"456","ACGCAGCGTCAACTGT-1-3"
"457","ACGATGTGTCACTTCC-1-3"
"458","CGCTGGAGTAATTGGA-1-3"
"459","CTGAAGTTCATGTGGT-1-3"
"460","GCTGCTTTCCTCGCAT-1-3"
"461","GCGAGAATCCGAATGT-1-3"
"462","GTAGGCCGTCAATGTC-1-3"
"463","CAGTAACAGTGGAGTC-1-3"
"464","TGGACGCGTCCGCTGA-1-3"
"465","GCGCCAATCTTATCTG-1-3"
"466","CCTAGCTCAGGTGCCT-1-3"
"467","GTTCATTAGGCAGTCA-1-3"
"468","CCACGGATCAGTTGAC-1-3"
"469","TACGGTACACGGTAGA-1-3"
"470","CGCTGGATCGATGAGG-1-3"
"471","CATGACAGTTAAAGTG-1-3"
"472","TACTTGTTCGGAGGTA-1-3"
"473","CAGCCGATCCTATTCA-1-3"
"474","ATTGGACAGTAATCCC-1-3"
"475","TGCGCAGGTGCGAAAC-1-3"
"476","GTCATTTGTGATGTCT-1-3"
"477","GAGTCCGAGCGATGAC-1-3"
"478","GGCGTGTCACCGATAT-1-3"
"479","ATGGGAGCATGGATGG-1-3"
"480","CGGACGTGTAGATTAG-1-3"
"481","ATCACGACAAGTACCT-1-3"
"482","CATTATCGTGATAAGT-1-3"
"483","TTGACTTGTTCCATGA-1-3"
"484","CCACGGAGTGACTCAT-1-3"
"485","AGCGGTCGTACCGAGA-1-3"
"486","AACTCAGTCCTCGCAT-1-3"
"487","GTCAAGTCACACATGT-1-3"
"488","TCTGAGATCTGAGTGT-1-3"
"489","TGCCAAACATGACATC-1-3"
"490","TATGCCCGTCTAGCCG-1-3"
"491","TGTTCCGTCATCGGAT-1-3"
"492","TCCACACGTATAGGTA-1-3"
"493","GGACAAGCAAGTTAAG-1-3"
"494","TCACAAGTCGTCGTTC-1-3"
"495","TTGACTTAGGTGCTAG-1-3"
"496","TTGTAGGTCCAAATGC-1-3"
"497","CCGGGATCAATCCGAT-1-3"
"498","AGCTCCTTCGCCCTTA-1-3"
"499","GTTACAGTCCGATATG-1-3"
"500","AGAGCTTAGGTTACCT-1-3"
"501","GTGCAGCTCTAAGCCA-1-3"
"502","CACCTTGTCGTGGTCG-1-3"
"503","GTCACAATCTGTCTAT-1-3"
"504","TCTGAGACAGCTCGCA-1-3"
"505","CCGTTCAAGGACCACA-1-3"
"506","GTCGTAAGTGACTCAT-1-3"
"507","CACCACTGTGTGTGCC-1-3"
"508","CTCGAGGAGTGGAGAA-1-3"
"509","CATCGAAGTTTCCACC-1-3"
"510","CCACTACTCAGCTCGG-1-3"
"511","GAGGTGAGTGCGGTAA-1-3"
"512","GCGCGATTCAAACCAC-1-3"
"513","GCTGCGATCCCGGATG-1-3"
"514","CGTGTCTTCACCGGGT-1-3"
"515","CGATTGAGTGATGTCT-1-3"
"516","TACTTACGTGTGGCTC-1-3"
"517","GACACGCCAATCGAAA-1-3"
"518","CACAGGCCAAGGCTCC-1-3"
"519","GGCGTGTCAGGAATCG-1-3"
"520","GTATCTTCATCGATGT-1-3"
"521","TTGGAACGTCAGTGGA-1-3"
"522","TGCCAAACAGCTTAAC-1-3"
"523","ACGGCCAGTTGTCTTT-1-3"
"524","CAGCTAACATGCCTAA-1-3"
"525","AGCTTGAGTCAAAGAT-1-3"
"526","CTACATTCACCGTTGG-1-3"
"527","GTACGTATCATATCGG-1-3"
"528","TCATTTGCATTGGCGC-1-3"
"529","CACACCTCATTGTGCA-1-3"
"530","CAGCCGAAGCAATATG-1-3"
"531","GCATACAGTAAGTTCC-1-3"
"532","GATCAGTTCGGCGCAT-1-3"
"533","GGGTCTGTCATGTGGT-1-3"
"534","CCTAGCTTCGCAAGCC-1-3"
"535","CGGGTCAGTGTGCCTG-1-3"
"536","CCGTTCACACATGACT-1-3"
"537","AGTAGTCAGCGTTCCG-1-3"
"538","GCAGCCACAGCGTTCG-1-3"
"539","AAGACCTAGGTGTGGT-1-3"
"540","GGCTCGAGTCGCTTCT-1-3"
"541","CTGAAGTCAATGTAAG-1-3"
"542","TACCTATGTCGGCTCA-1-3"
"543","ATGTGTGCACCGGAAA-1-3"
"544","AGCTCCTCAGTTTACG-1-3"
"545","AGTGTCACACCAGGTC-1-3"
"546","AGGGAGTCATGGTAGG-1-3"
"547","GCTGGGTGTCTAGAGG-1-3"
"548","TGGTTAGAGTAGTGCG-1-3"
"549","AGAGTGGCACCTCGGA-1-3"
"550","TACCTTAAGATGTAAC-1-3"
"551","CTGATCCGTAGTACCT-1-3"
"552","GCTGCGAAGTATTGGA-1-3"
"553","GTCTTCGAGCGTGAGT-1-3"
"554","GTAACTGAGTGCTGCC-1-3"
"555","TATCAGGGTTCGAATC-1-3"
"556","CCACCTACACATGGGA-1-3"
"557","CTCGGAGGTGAAGGCT-1-3"
"558","ACGGGCTAGACTTGAA-1-3"
"559","GTCTCGTGTCCCTTGT-1-3"
"560","TTCCCAGAGTTACCCA-1-3"
"561","CTCAGAATCAGGTTCA-1-3"
"562","CGCTTCACAGATCGGA-1-3"
"563","ACACCCTGTCAGATAA-1-3"
"564","GTAACGTTCTTGAGAC-1-3"
"565","CAGCCGATCGTTTATC-1-3"
"566","CCTTACGCACGTTGGC-1-3"
"567","AAGGTTCAGCGATTCT-1-3"
"568","AGTGGGAGTGGTCCGT-1-3"
"569","AAAGCAAAGCTACCTA-1-3"
"570","CTCTAATTCACCATAG-1-3"
"571","CAGCAGCAGCCCTAAT-1-3"
"572","TTCTCAAAGCCTATGT-1-3"
"573","GGCGTGTTCGTGGGAA-1-3"
"574","CATTATCAGGCTCAGA-1-3"
"575","CGTAGCGAGATATGGT-1-3"
"576","AGATTGCGTGGTCCGT-1-3"
"577","CTAGAGTAGGTAGCCA-1-3"
"578","CTAGAGTGTCCGAACC-1-3"
"579","CGTTAGAGTAGGCTGA-1-3"
"580","ATTATCCTCCTTTACA-1-3"
"581","GACGGCTCATCATCCC-1-3"
"582","CGTTGGGCATGCTAGT-1-3"
"583","CGTTCTGTCTGGAGCC-1-3"
"584","CGCGTTTGTATTACCG-1-3"
"585","CCTCAGTGTTACCAGT-1-3"
"586","ACGCCAGAGGAACTGC-1-3"
"587","GGGCATCGTGGTCTCG-1-3"
"588","CGTCACTCATGCCCGA-1-3"
"589","AGATCTGTCCGTCAAA-1-3"
"590","CACATAGTCCCTAACC-1-3"
"591","CACTCCATCCACGCAG-1-3"
"592","CAGTCCTAGCCGATTT-1-3"
"593","GAAGCAGGTCGCGAAA-1-3"
"594","ATCTGCCTCACGCGGT-1-3"
"595","CGGACGTAGACAGACC-1-3"
"596","CGTAGGCCAGTACACT-1-3"
"597","GTGCAGCTCGTTTATC-1-3"
"598","TCACGAAGTCCGAGTC-1-3"
"599","CAGCTGGGTCTAACGT-1-3"
"600","TCAGGTACACGGCCAT-1-3"
"601","ACGCCAGTCCCAAGTA-1-3"
"602","ACGCCAGAGTGGACGT-1-3"
"603","CCAATCCAGAGACTTA-1-3"
"604","GATTCAGGTCCGACGT-1-3"
"605","CTGCGGATCTGGTTCC-1-3"
"606","AGATTGCAGTTCCACA-1-3"
"607","TAAGAGATCTGCGACG-1-3"
"608","TTAGGCAGTTCCAACA-1-3"
"609","GCTCTGTAGCCACCTG-1-3"
"610","AAGCCGCGTTATCCGA-1-3"
"611","TTTGTCAAGTGACATA-1-3"
"612","GTAACGTTCAATCTCT-1-3"
"613","GATCTAGGTTGAGTTC-1-3"
"614","CAGCATAAGACGACGT-1-3"
"615","ATCATCTTCAGTCCCT-1-3"
"616","TAGACCATCGTTGACA-1-3"
"617","ACTGCTCTCAGAGCTT-1-3"
"618","CCATGTCTCTCACATT-1-3"
"619","TCGTAGATCTTTACGT-1-3"
"620","AGTTGGTGTCGCATCG-1-3"
"621","GTAGTCAGTGCCTGTG-1-3"
"622","CCTCAGTAGTGCGATG-1-3"
"623","CGAGCACTCGTTACAG-1-3"
"624","GTGTTAGAGTTTCCTT-1-3"
"625","CATGACAGTCATGCAT-1-3"
"626","CTGGTCTTCGTTACAG-1-3"
"627","CTGGTCTAGGATTCGG-1-3"
"628","CCTACCACACGGACAA-1-3"
"629","CAGTAACGTCTGATCA-1-3"
"630","AGCTCTCAGACATAAC-1-3"
"631","TCAATCTTCCCATTTA-1-3"
"632","ATAGACCTCCGTAGTA-1-3"
"633","GGAGCAAGTATCACCA-1-3"
"634","CTGCGGACATTAGCCA-1-3"
"635","TTCGAAGCATACTACG-1-3"
"636","CTCGAGGTCCCTTGCA-1-3"
"637","AGATTGCTCCAGTAGT-1-3"
"638","CAGCATATCAAGATCC-1-3"
"639","CTAATGGCATGGTTGT-1-3"
"640","GTGCTTCGTGAGGGTT-1-3"
"641","TGAGCCGTCCGCTGTT-1-3"
"642","TGCTACCGTAGTGAAT-1-3"
"643","ATCATGGCAATAGCAA-1-3"
"644","GTATCTTTCGTGGACC-1-3"
"645","TGGCCAGCAATGAAAC-1-3"
"646","ACATACGGTCTCTCTG-1-3"
"647","TGACAACTCGCACTCT-1-3"
"648","CGAGCACTCTTGCATT-1-3"
"649","CGTTCTGTCGTACCGG-1-3"
"650","AAGGTTCGTCAACTGT-1-3"
"651","TTGACTTTCACCGGGT-1-3"
"652","CAGGTGCTCCGCAGTG-1-3"
"653","GGGACCTCACAGAGGT-1-3"
"654","TTGGCAAAGAACTGTA-1-3"
"655","GATCGTAGTGATGTGG-1-3"
"656","GACGTTAGTGTGAATA-1-3"
"657","CAGAATCCATCCCACT-1-3"
"658","CGACCTTGTAGAAAGG-1-3"
"659","CCTTACGCACAACGCC-1-3"
"660","AGGGTGAGTCGCATAT-1-3"
"661","CTGAAACAGTATCGAA-1-3"
"662","ACATACGTCCATGAGT-1-3"
"663","TGGACGCAGATTACCC-1-3"
"664","CGAGAAGTCTATCGCC-1-3"
"665","GAACGGATCTGCGGCA-1-3"
"666","TCCACACTCCCAAGAT-1-3"
"667","TCTCATACAACGATGG-1-3"
"668","CTGTGCTTCCGTAGGC-1-3"
"669","CGTTGGGCAGGCGATA-1-3"
"670","CGGTTAATCACCGGGT-1-3"
"671","TTCGGTCTCGACCAGC-1-3"
"672","GACACGCGTCTCGTTC-1-3"
"673","TATTACCCAGTAGAGC-1-3"
"674","CTTCTCTAGTACTTGC-1-3"
"675","AGTGGGACAGTATCTG-1-3"
"676","CATGGCGGTGACTCAT-1-3"
"677","TCAGCAATCGCCGTGA-1-3"
"678","CAGCTAACAGCTTAAC-1-3"
"679","GTAGGCCAGCTAACAA-1-3"
"680","GTGGGTCGTAAGTGGC-1-3"
"681","ACTATCTTCAAGATCC-1-3"
"682","CATCAGAAGGCGATAC-1-3"
"683","CGAGCCAAGGCATGTG-1-3"
"684","GCAATCAGTGTTAAGA-1-3"
"685","CGTAGCGAGACTGTAA-1-3"
"686","TGGTTAGCAGTCGTGC-1-3"
"687","GATCAGTCACAGGAGT-1-3"
"688","TGTGGTATCCAGAAGG-1-3"
"689","CTGAAGTTCTGCGGCA-1-3"
"690","TACAGTGGTCGAATCT-1-3"
"691","GCGCAGTGTGCTAGCC-1-3"
"692","GACTAACCAGGATTGG-1-3"
"693","CGGACTGTCCAACCAA-1-3"
"694","ACGGCCAAGTGGACGT-1-3"
"695","GGTATTGGTTGATTGC-1-3"
"696","ATCATGGAGAGTAAGG-1-3"
"697","CTCATTAAGAGCTGCA-1-3"
"698","CGAACATTCTCTTATG-1-3"
"699","TCAGGTACAAGGCTCC-1-3"
"700","TAGGCATGTCTGCAAT-1-3"
"701","GAACCTAAGGGTGTTG-1-3"
"702","GGAGCAACATCGATTG-1-3"
"703","ATTTCTGCACTTCGAA-1-3"
"704","ACGAGGATCGCCGTGA-1-3"
"705","AGGGAGTAGCTAGCCC-1-3"
"706","CGTGTCTCATACTCTT-1-3"
"707","AAGTCTGGTCTCCATC-1-3"
"708","CTCGAAACAAGGTTCT-1-3"
"709","ATGAGGGTCTTGACGA-1-3"
"710","GCGCAACAGTGTACCT-1-3"
"711","CGAATGTGTCTGGAGA-1-3"
"712","TAGTGGTCATTCACTT-1-3"
"713","GACGGCTCACCAGTTA-1-3"
"714","GCCTCTAAGGCAATTA-1-3"
"715","GATGCTAGTGTTAAGA-1-3"
"716","GTGTTAGGTGAACCTT-1-3"
"717","CCACTACAGAGCTGGT-1-3"
"718","GTGCGGTGTCATCGGC-1-3"
"719","CTTAACTTCAGCTTAG-1-3"
"720","CTCCTAGAGACGCAAC-1-3"
"721","TCAATCTTCGAACGGA-1-3"
"722","CAGCATATCTTAACCT-1-3"
"723","ACGCCGAAGCTTCGCG-1-3"
"724","CTCGAAAGTGGTGTAG-1-3"
"725","CCCATACCAGATTGCT-1-3"
"726","GGCTCGATCATCGATG-1-3"
"727","AGGCCACCATGACATC-1-3"
"728","TAGTGGTTCACCTTAT-1-3"
"729","GCATGTATCGCCAGCA-1-3"
"730","GGATTACGTATCTGCA-1-3"
"731","CCTCAGTAGCGTAATA-1-3"
"732","TTCGGTCGTTATGCGT-1-3"
"733","TCCACACAGAAACCAT-1-3"
"734","GCATGTACACTTACGA-1-3"
"735","GCATACAGTATCTGCA-1-3"
"736","TTGGAACGTCCGTTAA-1-3"
"737","GGGATGAGTCTGCGGT-1-3"
"738","AGTGAGGTCTGTTGAG-1-3"
"739","GAACATCCACATGTGT-1-3"
"740","CCTCAGTTCGCCATAA-1-3"
"741","TCGAGGCAGGCATGGT-1-3"
"742","GTGTTAGGTCTCATCC-1-3"
"743","CGATCGGCATCACCCT-1-3"
"744","CATGCCTCACCCATTC-1-3"
"745","CTTTGCGAGACCACGA-1-3"
"746","CATGACACACGTAAGG-1-3"
"747","CACCACTGTACAGTGG-1-3"
"748","CTTGGCTCAAAGGAAG-1-3"
"749","CTCTGGTCAAGTTGTC-1-3"
"750","TAGTTGGCAGTAACGG-1-3"
"751","GCTCTGTGTCCATGAT-1-3"
"752","ACGGGTCAGATGGCGT-1-3"
"753","TAAGAGAAGCCAGAAC-1-3"
"754","CGTAGCGTCGGAAATA-1-3"
"755","ATGTGTGAGTTTGCGT-1-3"
"756","TCAGGTAAGCGTAATA-1-3"
"757","TTCTACATCGACCAGC-1-3"
"758","CGGACTGTCGGACAAG-1-3"
"759","ATTGGTGGTCTTCTCG-1-3"
"760","ACGATGTTCGCAGGCT-1-3"
"761","AAAGATGAGAGTACCG-1-3"
"762","TGGGCGTAGTGAAGTT-1-3"
"763","TTCTCAATCACTCCTG-1-3"
"764","CATTCGCGTCAAACTC-1-3"
"765","CATCAGAAGTGGTAAT-1-3"
"766","TTCTACACATAAAGGT-1-3"
"767","CTACATTGTAGGCATG-1-3"
"768","GGACGTCAGGGTGTTG-1-3"
"769","CACATTTAGATTACCC-1-3"
"770","CCAATCCAGTCTTGCA-1-3"
"771","TTTACTGGTTCGTTGA-1-3"
"772","CAAGTTGAGCAGATCG-1-3"
"773","CCCAATCCATTGGCGC-1-3"
"774","CAGCTGGTCGCCGTGA-1-3"
"775","GAGGTGATCAACGAAA-1-3"
"776","CGTCTACTCAGTCCCT-1-3"
"777","GCGCCAAGTGCACGAA-1-3"
"778","GAACCTAGTGCTGTAT-1-3"
"779","ACTGATGAGATCTGAA-1-3"
"780","TCGCGTTTCTGGGCCA-1-3"
"781","TCTATTGCAATCCAAC-1-3"
"782","AATCCAGTCGGTCCGA-1-3"
"783","ATCCGAAAGATGTAAC-1-3"
"784","GGACAGACAATCCAAC-1-3"
"785","TTAGGCAGTTAAGAAC-1-3"
"786","GATCGTACAGGCGATA-1-3"
"787","CGTGTCTCAGAAGCAC-1-3"
"788","CCGGTAGGTTGTCGCG-1-3"
"789","CCACTACGTTAAGAAC-1-3"
"790","AAGGTTCAGATAGTCA-1-3"
"791","TACTTACGTTTCCACC-1-3"
"792","CGACTTCAGGGTTTCT-1-3"
"793","ACTGTCCCACGTAAGG-1-3"
"794","AGGGTGACAGCGTTCG-1-3"
"795","CTGTGCTCAGCTCCGA-1-3"
"796","ATTTCTGAGAAGATTC-1-3"
"797","ATGCGATAGACCACGA-1-3"
"798","AACTCTTAGCTAACAA-1-3"
"799","AGCGTATTCGTCTGCT-1-3"
"800","CAAGATCTCTCAAGTG-1-3"
"801","GACGTGCAGCTGATAA-1-3"
"802","CTCCTAGAGCGTCTAT-1-3"
"803","AGTGTCATCCCTTGTG-1-3"
"804","AGCTCTCAGCGTGAGT-1-3"
"805","ACCTTTATCCGCTGTT-1-3"
"806","ACTGAACCACGTTGGC-1-3"
"807","TCAGGATTCTGTCTAT-1-3"
"808","GACACGCCAACCGCCA-1-3"
"809","TTGCCGTTCGGATGTT-1-3"
"810","ATCCACCTCCTTTCTC-1-3"
"811","GATCTAGTCTTGCAAG-1-3"
"812","GAACGGAAGGTGGGTT-1-3"
"813","CCACGGAAGTCTCCTC-1-3"
"814","TCTATTGAGGCTACGA-1-3"
"815","CCGTACTGTGCAACTT-1-3"
"816","CCGGGATTCCGCGTTT-1-3"
"817","GTACTCCGTAGCGATG-1-3"
"818","GCAATCACAGCTGCTG-1-3"
"819","TGTGTTTGTATATCCG-1-3"
"820","GCAGCCAGTCATTAGC-1-3"
"821","ATCTGCCGTCATATGC-1-3"
"822","CCTAGCTAGACAAAGG-1-3"
"823","CTCACACAGGGATGGG-1-3"
"824","CGACCTTCACACAGAG-1-3"
"825","GAGGTGAGTTCCAACA-1-3"
"826","ACGAGCCAGTTCGCAT-1-3"
"827","CATGACACACATGACT-1-3"
"828","TGGGCGTAGTGTGAAT-1-3"
"829","CTCCTAGCACAACGTT-1-3"
"830","ACATCAGTCTACCTGC-1-3"
"831","GGATGTTAGCTCTCGG-1-3"
"832","CGCGGTAAGCTGCAAG-1-3"
"833","GGCTGGTCATACCATG-1-3"
"834","TCGTACCAGCGTGAAC-1-3"
"835","GATCGATGTGCAACTT-1-3"
"836","TAAGTGCTCCAAATGC-1-3"
"837","GGATGTTGTCTGGAGA-1-3"
"838","ACGCAGCGTGGCTCCA-1-3"
"839","CCCATACCATGCAACT-1-3"
"840","ACACCAAGTATAGGTA-1-3"
"841","CACCTTGTCGCGTTTC-1-3"
"842","TGACGGCCATATGAGA-1-3"
"843","AGTCTTTAGTCTCGGC-1-3"
"844","CGATGTAGTGGTACAG-1-3"
"845","GTCGGGTGTGCAACTT-1-3"
"846","CTTAACTCACACCGAC-1-3"
"847","GAACCTATCACTTATC-1-3"
"848","GCTTCCAAGTTAAGTG-1-3"
"849","TGCGTGGGTTACTGAC-1-3"
"850","TACTCATAGACCTTTG-1-3"
"851","GAACCTAAGTAGATGT-1-3"
"852","TACTCATAGAAACCAT-1-3"
"853","AACGTTGTCAGTTAGC-1-3"
"854","TCTTCGGGTTATTCTC-1-3"
"855","AGGGATGGTCGACTGC-1-3"
"856","CCTATTACATCCCATC-1-3"
"857","TATCTCAAGTGTACTC-1-3"
"858","TCCACACTCGGCTTGG-1-3"
"859","GATTCAGTCGCCAGCA-1-3"
"860","CATCCACGTGAAGGCT-1-3"
"861","TCTTTCCCATGACGGA-1-3"
"862","CACATAGAGGGAAACA-1-3"
"863","TATGCCCAGGGTATCG-1-3"
"864","TCTGGAAGTCATCGGC-1-3"
"865","CTCCTAGAGAGTGACC-1-3"
"866","GGGACCTCACTGTCGG-1-3"
"867","TAGTGGTGTAAAGTCA-1-3"
"868","TCGCGAGCACTTCTGC-1-3"
"869","GCAAACTTCCCTCAGT-1-3"
"870","CTCGGAGGTCATTAGC-1-3"
"871","TGGTTAGGTAAGTGGC-1-3"
"872","CATCGAAAGACAAGCC-1-3"
"873","CCCAGTTTCAGCACAT-1-3"
"874","CTGAAGTGTTTGGGCC-1-3"
"875","GATGAAAAGCTGCGAA-1-3"
"876","ATTTCTGTCCCTGACT-1-3"
"877","TACTCATAGGTGTTAA-1-3"
"878","TGCGCAGTCTAACTGG-1-3"
"879","GTCTTCGTCTACCAGA-1-3"
"880","CTAGCCTAGTGAACGC-1-3"
"881","TGAAAGAAGTTTGCGT-1-3"
"882","TCGGGACAGGATATAC-1-3"
"883","TGCGTGGAGGTTCCTA-1-3"
"884","CCGGTAGTCTCTAGGA-1-3"
"885","CAGGTGCCATCAGTCA-1-3"
"886","ACCTTTAGTAGCACGA-1-3"
"887","ATAACGCTCGGAGGTA-1-3"
"888","CGTTAGACAGCTCCGA-1-3"
"889","CTCGTACGTTGGTTTG-1-3"
"890","TCGCGAGTCGACGGAA-1-3"
"891","TACCTATCATTACGAC-1-3"
"892","CAAGTTGTCTAACTGG-1-3"
"893","AAGACCTGTGTTGAGG-1-3"
"894","GTTACAGTCTAGAGTC-1-3"
"895","GAACATCAGACTACAA-1-3"
"896","GGCGACTTCCACGAAT-1-3"
"897","TCTCTAATCCTCAACC-1-3"
"898","GCACTCTGTCTGCAAT-1-3"
"899","ATGCGATTCGCGTAGC-1-3"
"900","AGTGGGAAGTACCGGA-1-3"
"901","ATGGGAGCAGCCTTGG-1-3"
"902","GGCAATTCAGACTCGC-1-3"
"903","AGCATACGTGAAATCA-1-3"
"904","CTTTGCGGTCGAATCT-1-3"
"905","TCAGATGCATATACCG-1-3"
"906","GTTCTCGTCTACCAGA-1-3"
"907","GAGTCCGGTCTAGGTT-1-3"
"908","TAAGAGAAGCGATTCT-1-3"
"909","TGTGGTACAGTCGATT-1-3"
"910","GTATTCTTCACTTACT-1-3"
"911","GTCACGGAGTCCCACG-1-3"
"912","AAACCTGAGGCAATTA-1-3"
"913","GCGCAGTCACGAAACG-1-3"
"914","ATCTGCCTCCACGAAT-1-3"
"915","AGACGTTAGAGTAAGG-1-3"
"916","GCTTCCAGTAGCGTAG-1-3"
"917","GTATCTTTCTTTAGTC-1-3"
"918","CCACGGAAGGGTGTTG-1-3"
"919","GTTTCTATCCAGGGCT-1-3"
"920","AATCCAGTCAGGTTCA-1-3"
"921","CCTTCGAAGCTAGGCA-1-3"
"922","ACATCAGAGAGACTTA-1-3"
"923","GGGCACTTCTGTCTCG-1-3"
"924","AGGCCACTCTCGAGTA-1-3"
"925","AGAATAGGTCCGTTAA-1-3"
"926","AGCTCCTCAAGAAGAG-1-3"
"927","TGAGGGAGTCCGAACC-1-3"
"928","AACCGCGGTTCTGGTA-1-3"
"929","TTGGCAAAGCTTATCG-1-3"
"930","GACTACAAGCGAGAAA-1-3"
"931","TTATGCTTCGTTTAGG-1-3"
"932","TGAGGGACAGGACCCT-1-3"
"933","TGGCTGGAGCGTGTCC-1-3"
"934","TCGGGACAGCGTTGCC-1-3"
"935","CTCGGAGTCATCGCTC-1-3"
"936","TCACGAAAGTGGCACA-1-3"
"937","TATTACCGTTTGGGCC-1-3"
"938","AGCCTAAAGTTGTAGA-1-3"
"939","ACTGCTCAGGTGTTAA-1-3"
"940","CTCGTCAAGAACAATC-1-3"
"941","GAAACTCGTATCACCA-1-3"
"942","TACGGGCAGCCAACAG-1-3"
"943","TCTCATATCTAACGGT-1-3"
"944","GCATGCGCACTAGTAC-1-3"
"945","ACTTGTTTCACCCGAG-1-3"
"946","AACTTTCAGGCATTGG-1-3"
"947","TCTTCGGTCTGCTTGC-1-3"
"948","CTGAAACGTAGCGCAA-1-3"
"949","GGGAATGCAAGACGTG-1-3"
"950","CTCGGGAGTATTACCG-1-3"
"951","GTCTTCGGTCAGAGGT-1-3"
"952","CCGTACTGTCAGAAGC-1-3"
"953","TGAGCCGTCTCTGAGA-1-3"
"954","ACACCGGTCATGTCTT-1-3"
"955","ACAGCCGAGAGAACAG-1-3"
"956","AAAGCAAAGAACAACT-1-3"
"957","TGGACGCCACAACTGT-1-3"
"958","GTCACGGTCTTGCCGT-1-3"
"959","GGCTGGTCAAGGTGTG-1-3"
"960","AAAGCAAGTTTGCATG-1-3"
"961","TCTATTGAGAATCTCC-1-3"
"962","TATTACCAGATGGGTC-1-3"
"963","GCTTGAACATTTGCTT-1-3"
"964","TAGACCAGTATATGGA-1-3"
"965","GACGGCTTCAACTCTT-1-3"
"966","CCTTCGATCTCCAACC-1-3"
"967","TTGCGTCCAGCTGCAC-1-3"
"968","CACACCTCACGGATAG-1-3"
"969","GTAACTGAGCGAGAAA-1-3"
"970","TGTGGTACAGTAAGCG-1-3"
"971","ATGAGGGGTTACGCGC-1-3"
"972","GTCCTCACACCACGTG-1-3"
"973","CGTCACTAGGTGCTAG-1-3"
"974","GTATTCTCATCTCGCT-1-3"
"975","CCGTACTGTACTTAGC-1-3"
"976","TCAGCTCAGGCTATCT-1-3"
"977","GGGTTGCTCCCAGGTG-1-3"
"978","ACGCCGAAGGGTGTTG-1-3"
"979","CAGTCCTCAGGGCATA-1-3"
"980","CAACTAGTCTCTGAGA-1-3"
"981","CGTGTAAGTTAAGATG-1-3"
"982","GTTCTCGGTGTGCCTG-1-3"
"983","GGGAATGAGGAGCGAG-1-3"
"984","AGTGAGGGTTATTCTC-1-3"
"985","TGTGGTAAGAGGTTAT-1-3"
"986","CCCAGTTGTCTGCGGT-1-3"
"987","CTAAGACAGGAGTTTA-1-3"
"988","CTCTGGTGTCATCGGC-1-3"
"989","ATAGACCAGTGATCGG-1-3"
"990","GTTCTCGCAAGTCTAC-1-3"
"991","AAACGGGTCCGCGCAA-1-3"
"992","ACATCAGTCCGTTGTC-1-3"
"993","GGTGTTAAGAGCCCAA-1-3"
"994","CTGCTGTCACGAAACG-1-3"
"995","ACGGGTCAGTGCTGCC-1-3"
"996","CACAGGCTCAAGATCC-1-3"
"997","GGATGTTCACTGAAGG-1-3"
"998","CAAGAAAAGAGTACCG-1-3"
"999","AGCGTATTCTGCTGTC-1-3"
"1000","CAGCTGGCAAGTTGTC-1-3"
"1001","CACACCTTCGTAGGAG-1-3"
"1002","ACTTTCAAGACACTAA-1-3"
"1003","CTGTTTAAGTGCAAGC-1-3"
"1004","ACAGCCGAGCCAACAG-1-3"
"1005","CTACGTCAGTTGAGAT-1-3"
"1006","TGGCGCATCACATAGC-1-3"
"1007","ACACCCTTCGTGGTCG-1-3"
"1008","ATGTGTGAGGAATTAC-1-3"
"1009","CTAACTTAGCAGGCTA-1-3"
"1010","CTACGTCAGCTAGGCA-1-3"
"1011","CATTCGCTCGCCTGAG-1-3"
"1012","CGAACATGTCTTGCGG-1-3"
"1013","CTGCTGTAGACTGGGT-1-3"
"1014","GACGTGCAGAGAGCTC-1-3"
"1015","GGTGAAGAGCAGGTCA-1-3"
"1016","CTCGAAATCCTGCCAT-1-3"
"1017","TAGGCATCAGCATGAG-1-3"
"1018","CGAGCACTCTAACTCT-1-3"
"1019","TCTCATACAAATTGCC-1-3"
"1020","GAACGGACAAGGACAC-1-3"
"1021","GATTCAGAGCGATGAC-1-3"
"1022","ACCAGTAGTTCGTTGA-1-3"
"1023","ACACCCTTCCCAGGTG-1-3"
"1024","GCTGCTTGTCACTTCC-1-3"
"1025","GGGACCTGTCAGCTAT-1-3"
"1026","GGTATTGTCAGGTTCA-1-3"
"1027","TCCCGATAGTCGTTTG-1-3"
"1028","TGAGCCGTCCGTAGGC-1-3"
"1029","AGTGAGGTCTCCAACC-1-3"
"1030","TCTCTAACAATCCGAT-1-3"
"1031","GGCTGGTGTGCTCTTC-1-3"
"1032","GTACGTAGTCTCTTTA-1-3"
"1033","TGGGCGTGTCGAGATG-1-3"
"1034","ATGCGATTCGTTACGA-1-3"
"1035","TTCGGTCTCTTTAGGG-1-3"
"1036","CACAGTACATCCGTGG-1-3"
"1037","CGGTTAAAGACAGGCT-1-3"
"1038","CAACCTCGTCTAAACC-1-3"
"1039","TTTGTCAAGAATGTGT-1-3"
"1040","GACACGCCATGCTGGC-1-3"
"1041","GTGTGCGCAGCGATCC-1-3"
"1042","GTCACGGCATACTACG-1-3"
"1043","CCACGGAAGCAATCTC-1-3"
"1044","ATAGACCTCTTGAGAC-1-3"
"1045","TGCGTGGAGTACACCT-1-3"
"1046","CCCAATCCAACTGGCC-1-3"
"1047","CAGAGAGAGGACCACA-1-3"
"1048","ATAAGAGCAGTCTTCC-1-3"
"1049","CCATTCGCAAGAAGAG-1-3"
"1050","TCGGTAAGTGTGAAAT-1-3"
"1051","ACCAGTAAGTGATCGG-1-3"
"1052","GTAACTGAGGTGCTTT-1-3"
"1053","CGTAGGCCACAAGACG-1-3"
"1054","AGAATAGGTCTCTCTG-1-3"
"1055","CCATTCGCAGGCAGTA-1-3"
"1056","TGTGTTTGTAGATTAG-1-3"
"1057","TACACGACAGCATGAG-1-3"
"1058","CATCAGAGTCTCTTTA-1-3"
"1059","CGGCTAGCATTCCTCG-1-3"
"1060","AAACGGGTCGCATGGC-1-3"
"1061","TAAGTGCTCGCCTGAG-1-3"
"1062","GACTGCGGTCGCCATG-1-3"
"1063","CAGGTGCAGCCAGGAT-1-3"
"1064","AGCGTATAGAATGTTG-1-3"
"1065","TCTTCGGAGTAATCCC-1-3"
"1066","GTGGGTCAGAGCAATT-1-3"
"1067","GCAGCCAAGCGGATCA-1-3"
"1068","CTGCCTATCTCTTATG-1-3"
"1069","GGACATTGTCTCCCTA-1-3"
"1070","CAAGTTGGTGTGCCTG-1-3"
"1071","GACTAACTCACTTCAT-1-3"
"1072","CCACGGAAGATCCTGT-1-3"
"1073","CCGGTAGCACCGCTAG-1-3"
"1074","CTGGTCTAGGTGATTA-1-3"
"1075","AGGGTGAAGGTGCAAC-1-3"
"1076","ACGAGGACATGGTTGT-1-3"
"1077","CTACGTCAGCACACAG-1-3"
"1078","GTCTTCGGTGACGCCT-1-3"
"1079","AGGTCATTCTGGTATG-1-3"
"1080","CGGAGTCGTCGAAAGC-1-3"
"1081","TACGGGCTCTATCCTA-1-3"
"1082","TGAGCATGTGTAATGA-1-3"
"1083","CGGGTCAAGGCGATAC-1-3"
"1084","ACCTTTATCCTGCAGG-1-3"
"1085","AGTAGTCGTCAGTGGA-1-3"
"1086","GCGACCACACGTTGGC-1-3"
"1087","CATTATCTCTGAAAGA-1-3"
"1088","GATGAAACAGGCTGAA-1-3"
"1089","CGTCTACTCCTAAGTG-1-3"
"1090","CGACTTCCAGCTGCAC-1-3"
"1091","TTGAACGTCATCGATG-1-3"
"1092","TCTCATATCAACCATG-1-3"
"1093","CGGAGCTGTTACGGAG-1-3"
"1094","AGAATAGGTAGTACCT-1-3"
"1095","CTCGAAATCGCAAACT-1-3"
"1096","GTGGGTCTCCGAATGT-1-3"
"1097","TGCACCTAGATAGTCA-1-3"
"1098","GAATAAGTCATGCATG-1-3"
"1099","CCTTCGATCACAGGCC-1-3"
"1100","CTCGTACCAGCCAGAA-1-3"
"1101","TACACGACATGTAGTC-1-3"
"1102","CTTCTCTCATGCGCAC-1-3"
"1103","GTACTCCCACTACAGT-1-3"
"1104","AACTCTTCACTCGACG-1-3"
"1105","TAAGTGCGTCCGTCAG-1-3"
"1106","ACAGCTAAGTCGTTTG-1-3"
"1107","CGCTATCTCGTTTAGG-1-3"
"1108","CGGCTAGCAGAAGCAC-1-3"
"1109","TTCTACAAGATGCCTT-1-3"
"1110","TTGCGTCGTATAAACG-1-3"
"1111","CGTAGCGAGCTCCTTC-1-3"
"1112","CCGTACTCAGCCTTGG-1-3"
"1113","TGGGAAGGTCATGCAT-1-3"
"1114","TTGAACGGTGAGGGAG-1-3"
"1115","GTGTTAGGTACCGAGA-1-3"
"1116","TCCACACTCACGATGT-1-3"
"1117","GGGAATGCAAAGTGCG-1-3"
"1118","TTCTCCTTCTGTTTGT-1-3"
"1119","CGATCGGAGCTGCAAG-1-3"
"1120","ACAGCTATCGAGCCCA-1-3"
"1121","AAGACCTCAGACTCGC-1-3"
"1122","CATTCGCTCTGCTGCT-1-3"
"1123","TTGCCGTCACGACGAA-1-3"
"1124","GGGAGATGTTTGTGTG-1-3"
"1125","GAATGAATCATCGGAT-1-3"
"1126","ATCACGAGTGCACCAC-1-3"
"1127","CGAGAAGTCGTTACAG-1-3"
"1128","TCACAAGTCTGGTTCC-1-3"
"1129","TCACAAGCAACGATGG-1-3"
"1130","AAACCTGTCCCTCTTT-1-3"
"1131","CCTACACCAGACGCCT-1-3"
"1132","ACTGATGCACTTGGAT-1-3"
"1133","AGCGGTCTCAAAGACA-1-3"
"1134","CATCAGAGTTCGCTAA-1-3"
"1135","AGTAGTCGTCGCGTGT-1-3"
"1136","CTCGTACTCATGCATG-1-3"
"1137","GCAGTTATCTTATCTG-1-3"
"1138","TCTATTGGTCTAGCCG-1-3"
"1139","TTGAACGAGAGCAATT-1-3"
"1140","CGGACACTCTATCCTA-1-3"
"1141","CGCGGTAAGGTGCAAC-1-3"
"1142","CGAGCACGTAGTAGTA-1-3"
"1143","GCCAAATTCAACACCA-1-3"
"1144","GAACGGAAGGAGCGAG-1-3"
"1145","CGTGTCTAGTGTCTCA-1-3"
"1146","TTGGAACAGAAGATTC-1-3"
"1147","ATTATCCGTATAAACG-1-3"
"1148","CTGCGGAAGTGAATTG-1-3"
"1149","ACTGAACAGCGTAATA-1-3"
"1150","CAGAGAGGTACCGTTA-1-3"
"1151","CGACTTCTCACGCGGT-1-3"
"1152","AGTTGGTAGGAACTGC-1-3"
"1153","TCGAGGCTCCTTTACA-1-3"
"1154","TTTATGCTCTCTGCTG-1-3"
"1155","CCAGCGACAGGCTGAA-1-3"
"1156","AGTCTTTCAAGCGCTC-1-3"
"1157","TTTGTCATCTGTTTGT-1-3"
"1158","CGTCTACAGAGCTATA-1-3"
"1159","TCAGGATTCCAGTAGT-1-3"
"1160","CTCTACGCACTAAGTC-1-3"
"1161","GTACTTTAGATATGCA-1-3"
"1162","GGGAGATGTTAAAGAC-1-3"
"1163","AGGGAGTTCGGAGGTA-1-3"
"1164","CTCGTACTCTTTAGTC-1-3"
"1165","GAGCAGAGTTTGCATG-1-3"
"1166","GACCAATGTTACCGAT-1-3"
"1167","CAGAATCCATTGGGCC-1-3"
"1168","CAAGATCCATCGATTG-1-3"
"1169","CGCTGGATCTTTAGTC-1-3"
"1170","GTAACGTGTACCGGCT-1-3"
"1171","GCATGATGTCACTGGC-1-3"
"1172","GAGTCCGGTCCTCTTG-1-3"
"1173","ATCACGATCACGGTTA-1-3"
"1174","GCGAGAAGTGGGTATG-1-3"
"1175","AACTCTTAGATGGCGT-1-3"
"1176","CAGCCGAAGAATGTTG-1-3"
"1177","GCTTGAAGTATCACCA-1-3"
"1178","CACCACTCAATCTACG-1-3"
"1179","CTTACCGTCTTTAGGG-1-3"
"1180","CTTCTCTGTCAGAGGT-1-3"
"1181","GCAATCATCCAAACAC-1-3"
"1182","GAGCAGAAGTGGAGTC-1-3"
"1183","AGAGTGGGTTCTGTTT-1-3"
"1184","CTGAAACAGGAGTAGA-1-3"
"1185","GTACTTTTCTTCGGTC-1-3"
"1186","TACCTTATCCGATATG-1-3"
"1187","AAGACCTAGTAAGTAC-1-3"
"1188","CGATCGGTCTTGCCGT-1-3"
"1189","AACTTTCTCCAGATCA-1-3"
"1190","AAACCTGAGAGGGATA-1-3"
"1191","CTCGTCACACTACAGT-1-3"
"1192","ACAGCTATCAAGGCTT-1-3"
"1193","CCTACACTCTTTACAC-1-3"
"1194","CAAGGCCTCAGTGCAT-1-3"
"1195","ATCCGAAGTGTGCGTC-1-3"
"1196","GGGATGATCTGTCCGT-1-3"
"1197","AGGTCATAGGCGCTCT-1-3"
"1198","TCAGATGTCGTAGGAG-1-3"
"1199","TTCCCAGCAACACCCG-1-3"
"1200","TACAGTGAGCGTTTAC-1-3"
"1201","TGTGTTTTCATTCACT-1-3"
"1202","CGTGAGCTCGATCCCT-1-3"
"1203","ACAGCTATCTTTACGT-1-3"
"1204","AACCGCGTCCGCGGTA-1-3"
"1205","GACCTGGGTAGAGCTG-1-3"
"1206","ATTACTCTCTGCCAGG-1-3"
"1207","GATCGCGTCTTTACGT-1-3"
"1208","GGAAAGCAGGCATGGT-1-3"
"1209","ATCATCTCACGTCTCT-1-3"
"1210","TCGTACCCACTGCCAG-1-3"
"1211","TGTCCCATCCTTGGTC-1-3"
"1212","CTCGGAGAGTCCCACG-1-3"
"1213","GTCGGGTCACGCCAGT-1-3"
"1214","TTAGGCACATAGAAAC-1-3"
"1215","GTGCTTCGTTGGTAAA-1-3"
"1216","CGTAGGCCAACACCCG-1-3"
"1217","GCTGGGTGTCATACTG-1-3"
"1218","CGACCTTAGTTAACGA-1-3"
"1219","CATCGGGCACGTTGGC-1-3"
"1220","ACACCCTCAAGGTGTG-1-3"
"1221","GCCAAATGTAAACACA-1-3"
"1222","TGACTTTTCTGGCGAC-1-3"
"1223","TTAGGACAGATGGGTC-1-3"
"1224","GGGACCTAGTGCCAGA-1-3"
"1225","TTCGGTCGTATAGTAG-1-3"
"1226","AATCGGTTCGTATCAG-1-3"
"1227","ACGAGCCGTAGCGATG-1-3"
"1228","TATTACCAGCTAGTCT-1-3"
"1229","TTGTAGGGTTACGGAG-1-3"
"1230","TTCTCCTAGTCCATAC-1-3"
"1231","ACGAGCCCAGTGGGAT-1-3"
"1232","GTCGGGTGTCTGCAAT-1-3"
"1233","GCAAACTCAGACAAAT-1-3"
"1234","CACAGTAGTGCACTTA-1-3"
"1235","CATCAGACATAACCTG-1-3"
"1236","TGGGCGTGTCCCTACT-1-3"
"1237","AAAGCAAGTGCAGTAG-1-3"
"1238","GTAGTCAGTACTCAAC-1-3"
"1239","CCACCTATCGGAAACG-1-3"
"1240","TGACAACCATGGTTGT-1-3"
"1241","ACAGCCGTCTGGAGCC-1-3"
"1242","TGGTTAGCAATAGAGT-1-3"
"1243","TGGTTAGTCACGAAGG-1-3"
"1244","TTTGCGCTCGCCTGTT-1-3"
"1245","GGATTACAGGTCGGAT-1-3"
"1246","GGGAGATGTTCGCTAA-1-3"
"1247","GCAAACTTCGGCTACG-1-3"
"1248","GCGACCAAGTTGCAGG-1-3"
"1249","TGCCAAAAGCAATCTC-1-3"
"1250","GATGAGGAGTTTCCTT-1-3"
"1251","CAGTCCTGTCGTGGCT-1-3"
"1252","AATCGGTAGTCTCCTC-1-3"
"1253","TTGGCAATCGGATGGA-1-3"
"1254","TACACGAAGATCCCAT-1-3"
"1255","GTCACGGCACTTCGAA-1-3"
"1256","GTCGTAATCCACTCCA-1-3"
"1257","ATTATCCAGGACATTA-1-3"
"1258","GGAGCAACAAGCGCTC-1-3"
"1259","GTAGGCCGTATGCTTG-1-3"
"1260","GTGTGCGGTGGACGAT-1-3"
"1261","ACACCAAGTATAATGG-1-3"
"1262","AACCGCGTCAGTGTTG-1-3"
"1263","CAACCTCTCTCTGTCG-1-3"
"1264","GGAATAAAGCTGCGAA-1-3"
"1265","CTCTGGTCAGGTCGTC-1-3"
"1266","GCTTGAAGTCAACTGT-1-3"
"1267","GTCAAGTGTACGCACC-1-3"
"1268","CGATGTAAGTTTAGGA-1-3"
"1269","GAAGCAGGTCTAGAGG-1-3"
"1270","GTCCTCACATGACATC-1-3"
"1271","TGTGGTAGTGCCTGCA-1-3"
"1272","TACTTGTGTGTATGGG-1-3"
"1273","AACTCCCCAGTTCATG-1-3"
"1274","CCGTTCACAGTAGAGC-1-3"
"1275","GGAATAAAGAGGGATA-1-3"
"1276","TGTTCCGGTCAGTGGA-1-3"
"1277","CGAACATAGATCTGAA-1-3"
"1278","TTGCCGTAGCCAGTTT-1-3"
"1279","ACTGAACTCTAGCACA-1-3"
"1280","TGCCAAACACGTTGGC-1-3"
"1281","AGGGAGTAGGTCATCT-1-3"
"1282","GCATGATGTTTAGGAA-1-3"
"1283","CGGAGTCCATAACCTG-1-3"
"1284","GACGTGCGTCACCTAA-1-3"
"1285","CTCGAGGCAAGTCTGT-1-3"
"1286","GACTACAAGGACGAAA-1-3"
"1287","TTGCGTCCATACCATG-1-3"
"1288","CCACTACTCTTTAGTC-1-3"
"1289","GATCAGTAGGTGATAT-1-3"
"1290","GACCAATGTTATCCGA-1-3"
"1291","CGACTTCGTGTGGTTT-1-3"
"1292","GCACATACATTGGTAC-1-3"
"1293","ATCATCTAGATCCTGT-1-3"
"1294","CCGTACTTCGGCATCG-1-3"
"1295","CAGCAGCGTACAGCAG-1-3"
"1296","AGGCCACCAACTGCGC-1-3"
"1297","GACCAATGTAAGAGAG-1-3"
"1298","CGTCTACAGATGCGAC-1-3"
"1299","CATCAGATCATCGCTC-1-3"
"1300","GTCAAGTAGTATCGAA-1-3"
"1301","TCTATTGCAGTAAGCG-1-3"
"1302","GGAGCAAAGGGCATGT-1-3"
"1303","GTACTTTCATGCCCGA-1-3"
"1304","GGGCATCCATTTCAGG-1-3"
"1305","GCAGTTACAAACCCAT-1-3"
"1306","CATTCGCTCGCTTGTC-1-3"
"1307","TGATTTCAGTGGAGTC-1-3"
"1308","GGCGTGTTCAGCTTAG-1-3"
"1309","TGACAACGTGATAAGT-1-3"
"1310","TCGAGGCAGTTAACGA-1-3"
"1311","GTCCTCAAGTTCGATC-1-3"
"1312","AAAGATGTCGGCTTGG-1-3"
"1313","CCGGGATTCGACAGCC-1-3"
"1314","CCTTCCCTCTGATTCT-1-3"
"1315","CCCAGTTAGGGCACTA-1-3"
"1316","AGGTCATCACTTCTGC-1-3"
"1317","CATATTCTCCTGTAGA-1-3"
"1318","GTACTTTGTATATGAG-1-3"
"1319","GTTACAGCAGATCGGA-1-3"
"1320","GGTGAAGAGTTCGCAT-1-3"
"1321","ATGTGTGAGTACGCGA-1-3"
"1322","GACTACATCATCTGCC-1-3"
"1323","ATCTGCCCATGTTGAC-1-3"
"1324","TTGTAGGCACTGTTAG-1-3"
"1325","CTTCTCTAGTCCGTAT-1-3"
"1326","CCTTCCCGTGATGCCC-1-3"
"1327","GTCATTTGTCGTCTTC-1-3"
"1328","ACAGCCGCAAGTACCT-1-3"
"1329","CTCGAGGGTAAGTAGT-1-3"
"1330","TTTGGTTTCCTTTCGG-1-3"
"1331","CCGGTAGAGCTAACTC-1-3"
"1332","CGAACATTCGGAAACG-1-3"
"1333","TGTGTTTAGGAATGGA-1-3"
"1334","AAATGCCCAATGGAAT-1-3"
"1335","CTCGGGACATTCACTT-1-3"
"1336","CCTCAGTCAGACACTT-1-3"
"1337","GTGCAGCAGCTAAGAT-1-3"
"1338","TGGCCAGGTCGAATCT-1-3"
"1339","GTTCATTGTTCCAACA-1-3"
"1340","TTCTCAAGTGTGAAAT-1-3"
"1341","GCGACCATCACCAGGC-1-3"
"1342","TAAGCGTTCGAACTGT-1-3"
"1343","CGAATGTTCACCGGGT-1-3"
"1344","GTACTTTCATGCATGT-1-3"
"1345","CAGCTAAGTACGCACC-1-3"
"1346","CAACTAGCAAAGTGCG-1-3"
"1347","CGTAGCGAGGCTCATT-1-3"
"1348","CGTCAGGTCGTTTGCC-1-3"
"1349","ATCATCTGTAGGACAC-1-3"
"1350","TTCTACACAGTCGATT-1-3"
"1351","ACCAGTAGTTGGACCC-1-3"
"1352","ATAGACCAGCGTGTCC-1-3"
"1353","GATCGATCAGTCGATT-1-3"
"1354","CCTACACGTTCTCATT-1-3"
"1355","TGCGGGTAGGGTTCCC-1-3"
"1356","CTGCTGTTCAGTGTTG-1-3"
"1357","GCTGCGATCTAGCACA-1-3"
"1358","TAAGAGATCGACCAGC-1-3"
"1359","CCATGTCGTCGCGTGT-1-3"
"1360","AGCGTATCACGAGGTA-1-3"
"1361","TTAGGACAGGTCATCT-1-3"
"1362","GGATTACAGACTACAA-1-3"
"1363","CAAGAAAAGACTAAGT-1-3"
"1364","GTGCATATCAAGGCTT-1-3"
"1365","ATGTGTGAGCTTTGGT-1-3"
"1366","GCGCAGTGTTAGAACA-1-3"
"1367","CGAGAAGGTCCGTCAG-1-3"
"1368","CGGACACTCGCGATCG-1-3"
"1369","GATCTAGTCCTGTAGA-1-3"
"1370","CGCTGGACATATGGTC-1-3"
"1371","GAACCTACAGCGATCC-1-3"
"1372","ATCTACTTCACCTTAT-1-3"
"1373","TCGAGGCAGTACTTGC-1-3"
"1374","GGATGTTTCAGAGGTG-1-3"
"1375","TGCGGGTTCCACTCCA-1-3"
"1376","GACTAACCATGAGCGA-1-3"
"1377","CGGCTAGTCTTGACGA-1-3"
"1378","TTCTCCTAGAGAGCTC-1-3"
"1379","GTCACGGCATCCGTGG-1-3"
"1380","GGTGTTACACCTCGGA-1-3"
"1381","AGAGCGACAGTAAGAT-1-3"
"1382","AGTGGGAAGTAGGCCA-1-3"
"1383","TGAAAGAAGTGAACGC-1-3"
"1384","AGTCTTTCACGGACAA-1-3"
"1385","AAACGGGGTCGGGTCT-1-3"
"1386","AGACGTTAGCTAGTCT-1-3"
"1387","TCGGTAACAGGGTACA-1-3"
"1388","GAATAAGTCCTAGGGC-1-3"
"1389","TGTCCCATCAAAGTAG-1-3"
"1390","ATCATGGAGGAATGGA-1-3"
"1391","GGGACCTGTTGGACCC-1-3"
"1392","TGTATTCTCTATCCTA-1-3"
"1393","AACACGTAGTAATCCC-1-3"
"1394","GTTCTCGCAAGAAAGG-1-3"
"1395","ATAACGCCAAGGTTCT-1-3"
"1396","GACGTGCTCCGGCACA-1-3"
"1397","CAGTAACGTCGCCATG-1-3"
"1398","TTCTCCTAGGGATGGG-1-3"
"1399","GAGGTGAGTCCGCTGA-1-3"
"1400","GATGAGGAGAAACCTA-1-3"
"1401","GTTTCTACAGGACCCT-1-3"
"1402","GAGCAGAAGCCAGTTT-1-3"
"1403","GCTTCCACACAGCCCA-1-3"
"1404","CCGTTCAAGCTAAACA-1-3"
"1405","TAGAGCTAGTGCCATT-1-3"
"1406","CCGTTCACAGCTGGCT-1-3"
"1407","ACTTTCAAGGTGATTA-1-3"
"1408","TCAGCTCAGTGTGAAT-1-3"
"1409","ACTTGTTAGTTAAGTG-1-3"
"1410","TTAACTCCAGGATTGG-1-3"
"1411","CGTGTCTGTAGCGTCC-1-3"
"1412","GAGCAGACATCGGTTA-1-3"
"1413","GTTCGGGAGGCAATTA-1-3"
"1414","ACGATACAGTCATCCA-1-3"
"1415","AGAATAGCAATCACAC-1-3"
"1416","GTGCATAGTTCAACCA-1-3"
"1417","GTACTTTTCAGTTCGA-1-3"
"1418","GGAAAGCGTAGTACCT-1-3"
"1419","AACGTTGCATGCCACG-1-3"
"1420","TCAGGTAAGACCTAGG-1-3"
"1421","CGTCCATGTCACACGC-1-3"
"1422","CACCACTCACGAAATA-1-3"
"1423","AGGGAGTGTAATAGCA-1-3"
"1424","ACCAGTACACTACAGT-1-3"
"1425","CGTTGGGGTTTAAGCC-1-3"
"1426","GGACAGACACCGAATT-1-3"
"1427","TGGTTCCCAATACGCT-1-3"
"1428","TGAGAGGAGGTAAACT-1-3"
"1429","CTGCTGTCAAAGCAAT-1-3"
"1430","ACACTGAAGGGTTCCC-1-3"
"1431","TCTCATATCAGAGCTT-1-3"
"1432","CATGGCGGTAGCACGA-1-3"
"1433","CGAGCACAGCGTGAAC-1-3"
"1434","ACTGAACAGAGTCTGG-1-3"
"1435","CTAAGACTCTGCGGCA-1-3"
"1436","GGAATAAGTAAGAGAG-1-3"
"1437","AAAGTAGAGAGTGAGA-1-3"
"1438","CCACTACCAACGCACC-1-3"
"1439","TTTGGTTAGACAGGCT-1-3"
"1440","AGATCTGGTTCGGCAC-1-3"
"1441","TGTATTCAGTAATCCC-1-3"
"1442","GATCGATAGGATGGTC-1-3"
"1443","GAAATGATCGTCCGTT-1-3"
"1444","CTCGGGAGTAAAGTCA-1-3"
"1445","GCGGGTTCAAGTAATG-1-3"
"1446","AGGCCACCACCACGTG-1-3"
"1447","GGGAGATAGCGTTCCG-1-3"
"1448","AGTTGGTAGAGCCTAG-1-3"
"1449","CAAGGCCAGACGACGT-1-3"
"1450","CGGACACCAGTGGGAT-1-3"
"1451","TGTCCCACATTATCTC-1-3"
"1452","CAGATCAAGAATGTGT-1-3"
"1453","CGTCAGGCAAACGCGA-1-3"
"1454","TCTCTAATCCCTTGCA-1-3"
"1455","GGACGTCGTCGAGATG-1-3"
"1456","TCCCGATGTTAAGACA-1-3"
"1457","TACCTATTCGTTACGA-1-3"
"1458","TGCCCTATCCACGTTC-1-3"
"1459","TATTACCTCGTTGCCT-1-3"
"1460","AACACGTCAAATTGCC-1-3"
"1461","CAAGATCGTACCCAAT-1-3"
"1462","CAAGTTGTCTGGTTCC-1-3"
"1463","CAGAGAGTCGGCCGAT-1-3"
"1464","TGAGAGGAGGCGATAC-1-3"
"1465","CGAGAAGCACTTACGA-1-3"
"1466","TACGGATAGGCCCTCA-1-3"
"1467","AAGACCTAGACCTTTG-1-3"
"1468","TATCTCACACGCGAAA-1-3"
"1469","TCAGGTACAGTCACTA-1-3"
"1470","GTTCTCGTCTTACCGC-1-3"
"1471","GCATGTAAGCGTGTCC-1-3"
"1472","TGGACGCAGCTGCAAG-1-3"
"1473","CTCGTACTCTGCGTAA-1-3"
"1474","CATGACACAAAGTCAA-1-3"
"1475","CCCAGTTAGCTCCTCT-1-3"
"1476","ACTGTCCAGCAATCTC-1-3"
"1477","GACGCGTAGACGCACA-1-3"
"1478","GCACTCTCAGCGTCCA-1-3"
"1479","TGGCGCAGTCGACTAT-1-3"
"1480","AACGTTGCAAGTTCTG-1-3"
"1481","GGCAATTGTCCATCCT-1-3"
"1482","CGTGTAAAGAGCAATT-1-3"
"1483","CTGAAACGTTCCCTTG-1-3"
"1484","GGCAATTTCACATGCA-1-3"
"1485","TGCCCTAGTATCGCAT-1-3"
"1486","CCACCTACACTGAAGG-1-3"
"1487","GCGCCAACACCTCGGA-1-3"
"1488","CATCAAGGTTCGGCAC-1-3"
"1489","AGGGTGAGTGCGAAAC-1-3"
"1490","TGAGAGGAGCCAGGAT-1-3"
"1491","CGTCCATCAGTCGTGC-1-3"
"1492","AGGCCACCACGAAGCA-1-3"
"1493","GGAAAGCCAATGTAAG-1-3"
"1494","CGTTGGGTCGCAGGCT-1-3"
"1495","TAGGCATCAAACCCAT-1-3"
"1496","AACCATGAGTACCGGA-1-3"
"1497","AGCTCCTCACTATCTT-1-3"
"1498","GGGTCTGTCCATGAAC-1-3"
"1499","CATATGGCATGCTAGT-1-3"
"1500","AACTGGTTCGTCCAGG-1-3"
"1501","ACATGGTCAGAAGCAC-1-3"
"1502","CAGTCCTAGTCGTACT-1-3"
"1503","CGCGGTAAGAGCTGGT-1-3"
"1504","ACGTCAAGTCTAGCCG-1-3"
"1505","CACACTCCATCTATGG-1-3"
"1506","GATCGTAAGTGCAAGC-1-3"
"1507","CAAGTTGTCAACACGT-1-3"
"1508","TACTCATAGCCAACAG-1-3"
"1509","GTGCGGTCACCGAATT-1-3"
"1510","CATCGGGTCATTTGGG-1-3"
"1511","TGAGAGGCAGGAACGT-1-3"
"1512","ACTGTCCCAGCTGTGC-1-3"
"1513","AACGTTGGTCTTGCGG-1-3"
"1514","CAGAGAGGTGTGAATA-1-3"
"1515","TATGCCCAGAACAATC-1-3"
"1516","GGATGTTAGTAAGTAC-1-3"
"1517","CGCTTCACAGACGCTC-1-3"
"1518","TGAAAGAGTCTAAAGA-1-3"
"1519","GCATGTAGTTGCGCAC-1-3"
"1520","ATCATCTAGATCCCGC-1-3"
"1521","TTGAACGAGGAATCGC-1-3"
"1522","TTGGCAACATCATCCC-1-3"
"1523","CTAACTTCATCTGGTA-1-3"
"1524","TACGGTAAGCGGATCA-1-3"
"1525","CCAGCGATCATTGCGA-1-3"
"1526","AGGTCCGCAATTCCTT-1-3"
"1527","CGATGTACAGATCCAT-1-3"
"1528","CGCCAAGGTTATTCTC-1-3"
"1529","CAGCGACAGGCACATG-1-3"
"1530","AAAGATGAGCGCCTCA-1-3"
"1531","GACCAATCAGACGCCT-1-3"
"1532","CCTAGCTCATATGAGA-1-3"
"1533","GGGTCTGTCTGCCCTA-1-3"
"1534","GTGGGTCGTAGGAGTC-1-3"
"1535","TCCACACCAGGCGATA-1-3"
"1536","GACAGAGCACTGAAGG-1-3"
"1537","AAGGAGCCAAAGGTGC-1-3"
"1538","CGGGTCATCGGCTACG-1-3"
"1539","GTGCGGTAGTGAATTG-1-3"
"1540","GCATGTATCGTGGACC-1-3"
"1541","CTAACTTAGAGGTACC-1-3"
"1542","AAATGCCGTGATAAGT-1-3"
"1543","TGCCCTATCATAAAGG-1-3"
"1544","GACCTGGAGCGTGAAC-1-3"
"1545","TGACAACGTTACCAGT-1-3"
"1546","TTATGCTCACTACAGT-1-3"
"1547","CCAGCGAGTTGCGTTA-1-3"
"1548","ACGATACTCGCGCCAA-1-3"
"1549","AGGTCATGTCTCCCTA-1-3"
"1550","AAAGATGAGTACACCT-1-3"
"1551","ACATACGAGCTATGCT-1-3"
"1552","CCCAGTTGTCGTGGCT-1-3"
"1553","TGGCTGGCAGTGAGTG-1-3"
"1554","CGTGTCTGTGACGCCT-1-3"
"1555","TTCTACAAGGCGATAC-1-3"
"1556","CTGAAGTTCTACCAGA-1-3"
"1557","ACACCGGCAGCGTCCA-1-3"
"1558","CAAGTTGAGTACGATA-1-3"
"1559","TAGAGCTTCTCGCTTG-1-3"
"1560","TGTATTCAGAGGGCTT-1-3"
"1561","GATCTAGAGTCGCCGT-1-3"
"1562","AGAGCGAAGGAGCGTT-1-3"
"1563","CTGTGCTAGTTGAGAT-1-3"
"1564","CCGGGATAGAACAACT-1-3"
"1565","CCACCTACAGACAAGC-1-3"
"1566","GATCGATGTTGTTTGG-1-3"
"1567","GGATGTTGTTACGCGC-1-3"
"1568","TAAGCGTTCGTAGGTT-1-3"
"1569","TCTTCGGCAGCGTAAG-1-3"
"1570","TCACAAGAGCATGGCA-1-3"
"1571","CGGTTAAAGTAGCGGT-1-3"
"1572","GAAACTCAGTGGGATC-1-3"
"1573","CATGACATCATGCATG-1-3"
"1574","TAGACCATCTTATCTG-1-3"
"1575","TGAGAGGTCATTGCCC-1-3"
"1576","GTACTCCTCTCTTATG-1-3"
"1577","CGATGGCTCAGTGTTG-1-3"
"1578","AGTAGTCGTGAGGGAG-1-3"
"1579","AAGCCGCTCTTGCATT-1-3"
"1580","GCGCAACGTTTCGCTC-1-3"
"1581","ACACCCTGTCTCCACT-1-3"
"1582","TCGTACCTCACTTACT-1-3"
"1583","AGCTCTCGTCGCTTCT-1-3"
"1584","TCGCGAGCAAACAACA-1-3"
"1585","GCTGCGAAGAACAACT-1-3"
"1586","CTGTTTAGTAAATACG-1-3"
"1587","GTTAAGCAGCTACCGC-1-3"
"1588","GTACGTAAGCTTCGCG-1-3"
"1589","CATCGAAGTTAAGACA-1-3"
"1590","GTTCATTAGGAGCGTT-1-3"
"1591","TGACGGCAGTATCTCG-1-3"
"1592","GAGCAGACAGCTTAAC-1-3"
"1593","AAGGTTCGTTCCACGG-1-3"
"1594","ACCCACTCATACCATG-1-3"
"1595","CAACCAAGTATCAGTC-1-3"
"1596","CTCTAATAGTTATCGC-1-3"
"1597","TGAGCATCAAGCCGCT-1-3"
"1598","TGGACGCAGCGTCTAT-1-3"
"1599","CGGACGTAGGCATGGT-1-3"
"1600","TCAGGTAGTTTGACAC-1-3"
"1601","GTAACGTCAGCCTATA-1-3"
"1602","GCATGTACACTGCCAG-1-3"
"1603","CGTCAGGCACAGTCGC-1-3"
"1604","CGTTCTGAGGACGAAA-1-3"
"1605","GCAAACTTCGGAATCT-1-3"
"1606","AAGGAGCAGTACATGA-1-3"
"1607","CACATAGTCCATTCTA-1-3"
"1608","TTAGTTCTCCTCAACC-1-3"
"1609","ACTGCTCAGTTACCCA-1-3"
"1610","TACTTGTGTTATGTGC-1-3"
"1611","GGACAAGAGTCCGGTC-1-3"
"1612","TCGAGGCAGAACAATC-1-3"
"1613","TGTCCCATCTCTGCTG-1-3"
"1614","AACTCCCAGGGAACGG-1-3"
"1615","ACGCAGCCATTCTCAT-1-3"
"1616","GTGCTTCAGAGGGATA-1-3"
"1617","GTTCTCGAGAATTCCC-1-3"
"1618","CCTTCGAAGATAGCAT-1-3"
"1619","CTCAGAACATAGGATA-1-3"
"1620","GTGGGTCGTCCAGTAT-1-3"
"1621","ATGTGTGCATGGGACA-1-3"
"1622","TGCTACCGTAGTACCT-1-3"
"1623","GCGCAGTTCACCGGGT-1-3"
"1624","CAGCATAAGCCAACAG-1-3"
"1625","GGACGTCCAAGAGTCG-1-3"
"1626","GACCTGGGTTCGTGAT-1-3"
"1627","ACGCAGCCAATCCGAT-1-3"
"1628","GAACGGAAGTCAAGCG-1-3"
"1629","CAGTCCTAGGTGGGTT-1-3"
"1630","GGCAATTCACGGCTAC-1-3"
"1631","TCACGAACAGGCGATA-1-3"
"1632","TGAGGGAAGAGTAAGG-1-3"
"1633","CACCACTAGCGATCCC-1-3"
"1634","CCAGCGATCTTACCTA-1-3"
"1635","ACGATACAGATGAGAG-1-3"
"1636","TTCTTAGTCAGTGTTG-1-3"
"1637","TAGTGGTGTAGCGTAG-1-3"
"1638","TCTTTCCAGGATTCGG-1-3"
"1639","ACGATACTCATTCACT-1-3"
"1640","ACTGAGTAGCGTTCCG-1-3"
"1641","CATCGAAGTCACACGC-1-3"
"1642","TTCTTAGTCCGTTGCT-1-3"
"1643","AGTGGGAGTGGCAAAC-1-3"
"1644","CTGTGCTAGAAGATTC-1-3"
"1645","GGGATGAAGGGCATGT-1-3"
"1646","CGGAGTCCACAGCCCA-1-3"
"1647","ACTTTCACAGTCACTA-1-3"
"1648","AAGGTTCAGGAGCGAG-1-3"
"1649","TTAGGCACAGCTGCTG-1-3"
"1650","GCTCCTAAGAGTACCG-1-3"
"1651","GTGAAGGTCTTAACCT-1-3"
"1652","AATCGGTGTAGATTAG-1-3"
"1653","TAGAGCTTCCTCAACC-1-3"
"1654","AATCGGTAGGCATGTG-1-3"
"1655","CGCTTCATCTCTGTCG-1-3"
"1656","GAACATCAGCAATATG-1-3"
"1657","GTGCATAAGAACAATC-1-3"
"1658","AGGGATGTCGCATGAT-1-3"
"1659","TCTCTAAAGCTGGAAC-1-3"
"1660","GCGCCAAAGCTCCTTC-1-3"
"1661","TGAGCATGTCTGGAGA-1-3"
"1662","CTCGGGAAGCGCCTTG-1-3"
"1663","GTATCTTGTACTCAAC-1-3"
"1664","CCACCTAAGACTTGAA-1-3"
"1665","GGACAGAGTCAGCTAT-1-3"
"1666","CGTGTAACATGGTCTA-1-3"
"1667","ACTGTCCGTATATGGA-1-3"
"1668","CTAGTGATCCCAGGTG-1-3"
"1669","GAAATGATCTTCAACT-1-3"
"1670","AACTCAGTCCCAAGAT-1-3"
"1671","GGTGCGTAGCGTCAAG-1-3"
"1672","CTGATCCGTCGACTAT-1-3"
"1673","GTGTGCGGTCTCCACT-1-3"
"1674","AAGGCAGGTCTAGCCG-1-3"
"1675","ACTGATGCATGGTCTA-1-3"
"1676","GTCACGGAGCTATGCT-1-3"
"1677","CGCGGTACATTAGGCT-1-3"
"1678","AACTCAGAGGTAGCCA-1-3"
"1679","CCTACACAGTACGTTC-1-3"
"1680","GTTTCTAGTCCTCTTG-1-3"
"1681","CTTAGGATCCAGTAGT-1-3"
"1682","TACTCGCTCTTCGGTC-1-3"
"1683","TTCTCAACATTTGCCC-1-3"
"1684","TCGGGACGTCTGCGGT-1-3"
"1685","TTCTACATCTACTCAT-1-3"
"1686","CGTCTACAGGGAGTAA-1-3"
"1687","GGAACTTCAAGCGAGT-1-3"
"1688","TTGCCGTCACCGAATT-1-3"
"1689","GGCGTGTCAACTGCTA-1-3"
"1690","TAAGCGTGTTTGGGCC-1-3"
"1691","TTTGCGCTCTTCCTTC-1-3"
"1692","TCGCGAGAGTGTACTC-1-3"
"1693","CCCAATCTCATCGGAT-1-3"
"1694","ATCATGGCAGCTGTGC-1-3"
"1695","TCTATTGTCCTATTCA-1-3"
"1696","CGTCACTTCTAACTCT-1-3"
"1697","TGCTGCTCACAGATTC-1-3"
"1698","ACTTTCATCAGAGCTT-1-3"
"1699","TCAGCAAAGCCACGCT-1-3"
"1700","CAGAATCCACCCATGG-1-3"
"1701","CCAGCGAGTACCGTAT-1-3"
"1702","TTTGCGCAGCAACGGT-1-3"
"1703","TTTATGCAGGTTACCT-1-3"
"1704","AGTGTCAAGTACCGGA-1-3"
"1705","ATCACGATCGGTCCGA-1-3"
"1706","AGCTCCTTCATGTCCC-1-3"
"1707","CTGGTCTAGAGGTACC-1-3"
"1708","TGGTTCCTCAACCATG-1-3"
"1709","GCATGCGCAGCTCCGA-1-3"
"1710","ACGCAGCGTTCATGGT-1-3"
"1711","CGTGTAATCGTTGACA-1-3"
"1712","GTCGTAAAGTTTAGGA-1-3"
"1713","ACTGAGTTCAGCACAT-1-3"
"1714","ATCATGGGTATTCGTG-1-3"
"1715","AACACGTGTCGATTGT-1-3"
"1716","AAGACCTGTGGCTCCA-1-3"
"1717","GTCTTCGTCTTTCCTC-1-3"
"1718","GGGTCTGCAGCAGTTT-1-3"
"1719","GGATTACAGCCACTAT-1-3"
"1720","TTGGCAAAGAGTAAGG-1-3"
"1721","TCAGCAAGTCACCCAG-1-3"
"1722","GACTAACGTTTCCACC-1-3"
"1723","ACTGAACCATTCACTT-1-3"
"1724","AGCATACCACAGCCCA-1-3"
"1725","GTTCTCGCATGTAGTC-1-3"
"1726","ATCATCTCAGCATGAG-1-3"
"1727","TTGAACGTCTTTAGTC-1-3"
"1728","AACACGTCAAACGCGA-1-3"
"1729","AGAGCTTCATTCGACA-1-3"
"1730","GGGAGATAGTGACATA-1-3"
"1731","TTCCCAGCAAGCCTAT-1-3"
"1732","AGCATACGTCGCGAAA-1-3"
"1733","TGCCCTATCCCACTTG-1-3"
